datetime,tweet_type,tweet_text,og_author_id,og_author_name,og_author_desc,og_author_username,tweet_author_id,tweet_author_name,tweet_author_desc,tweet_author_username,date,rounded_datetime,time
2022-10-16 04:38:55,retweeted,RT @TexTheLaw: @BenHundeyin That you are unbelievably fortunate to work in a system with no consequences. Imagine if every police and SARSâ€¦,86379135,SP Benjamin Hundeyin,"@PoliceNG Public Relations Officer, Lagos State Command | See bio @LagosPoliceNG for complaint lines | Engendering strategic discussions.",BenHundeyin,2336697621,KingOFRetweets ğŸ‡³ğŸ‡¬,"Warri Boy,â˜º
Event Planner â¡C.E.O DessyLomo Events 
Slide In My DM Because I go Soon Blow ğŸ˜‚",Vj_dessy,2022-10-16,2022-10-16 04:30:00,04:38:31
2022-10-16 04:38:55,replied_to,"@LilliaMarcos it was lining up to go thru the checkout, poor bloke seemed like he was trying to big note himself in front of partner. Didnâ€™t work out so well lolz",560867723,Lillia Marcos ğŸ€ğŸ’‰ğŸ’‰ğŸ’‰ğŸ’‰,ğŸ‡ªğŸ‡¸ğŸ‡²ğŸ‡½ made in ğŸ‡¦ğŸ‡º Ancient Tech Writer /Digital Project Manager/Atheist/Humanist/Hermit/CO2Guerrilla Profile pic=exasperated face covid NSW/Gatos Data&Lore,LilliaMarcos,2443779228,ğŸ¦MUA 4/4 Fully vaxed Union Power,"social justice-workers rights-safety net 4the underprivilegd,respect4 refugees,women,men,LGBTI& First Nations people, r values we shld aspire2-views are my own",mattmua72,2022-10-16,2022-10-16 04:30:00,04:38:31
2022-10-16 04:38:55,replied_to,@RM_Transit Tangential to this. I really dislike the ION Central station isnâ€™t immediately connected to Kitchener GO. Big missed opportunity there for seamless transfer.,1166144223478988800,RMTransit,"Toronto, and Global Rapid Transit Obsessive. Doing my best to amplify the good stuff going on. Previously Computer Scientist, Transportation Planner.",RM_Transit,792305478,ansley,3 years car free,perrierappa,2022-10-16,2022-10-16 04:30:00,04:38:31
2022-10-16 04:38:55,retweeted,"RT @ScottLEOWarrior: I will send one random follower $100 all you have to do is RT and be following myself &amp; @scaredtojumppod

RT their ğŸ“Œ aâ€¦",708584091,Scared To Jump Podcast,The podcast like no other. ğŸ™  Overcoming mental hurdles and embracing success stories ğŸ§ âœ¨ â€œWeâ€™re all scared to jump; but tell us your storyâ€ ğŸ—£,scaredtojumppod,1500498744810565632,peniiğŸ£ğŸ’œ,Tidak ada yang tidak mungkin jika Allah menghendakiğŸ™ğŸ»ğŸ˜Š // @queenbigwin2022 kena suspendğŸ˜Œ,queenbigwinn,2022-10-16,2022-10-16 04:30:00,04:38:31
2022-10-16 04:38:56,retweeted,"RT @khalidkarim: Jakarta minimum wage for 48 hours work is RM1,950.
Our minimum wage for 48 hours work is RM1,500.

That RM450 makes a hugeâ€¦",16995239,khalid karim Presiden Parti Orang Miskin,,khalidkarim,379531765,syÃ¦ra ğŸ§œğŸ»â€â™€ï¸ğŸª¸ğŸŒŠğŸ«§,I glowinâ€™ in the dark// ğŸ’™H,nrsyahirah19,2022-10-16,2022-10-16 04:30:00,04:38:31
2022-10-16 04:38:50,quoted,He need to be thrown under the jail https://t.co/OWqWYAunoj,1203400771766755334,Viral Uncensored Tv,DM for Promo and Rtâ€™s Turn Post Notification On ğŸ”” Follow us for Daily Viral Video!,uncensoredpromo,465327888,Tre,Two things I never seen a turtle with speed or a bitch I need IG:TreOutTheBay. Vegan ğŸŒ±,treoutthebay,2022-10-16,2022-10-16 04:30:00,04:38:31
2022-10-16 04:38:54,retweeted,RT @therealkyra___: U gotta make me feel like Iâ€™m the only girl in the world.. Thatâ€™s the only way itâ€™s gone work,1041487538052104192,Kyra,the diary of a real b****,therealkyra___,1338472549055807489,pau,QUÃ‰ QUÃ‰ QUEEEE!? ğŸ˜°,PaulaAlpizar2,2022-10-16,2022-10-16 04:30:00,04:38:31
2022-10-16 04:38:54,retweeted,RT @owTreyalP: I totally didnâ€™t retweet #myheroreborn fanart on my private and commenting on all of them ICISWJAOCNKSOAOS I LOVE YOU GUYSâ€™â€¦,1523826215488004096,naya ğŸµ #MyHeroReborn,"the kinda cute alt for @nayaVT! I talk more about my mcyt stuff on here, as well as anime!! ğŸ–¤ğŸ–¤ pfp by @sircutieyuki",owTreyalP,1393306899802595330,ğŸƒğŸPumpkinCake ğŸğŸƒFrogShiptwt,â€¢#OriginsMCRP fan She/her AxolotlAnarchist. LocalEdenSimp#3 â€¢pfp by @Captain_Froggie banner Darn_Art_is_Hard on insta #FrogShiptwt ğŸ¸#EdenOurBeloved,CakeBean1,2022-10-16,2022-10-16 04:30:00,04:38:31
2022-10-16 04:38:54,replied_to,@Liyah_shield @Just_ATR @pattybaby91 @hotgalhaechan @roseymae002 @zadejahhh @koralinadean it also thinks im 0 years old now for some reason and i cant change it so fuck that lol,1104272756030533632,cay,this twitter account was filmed in front of a live studio audience,koralinadean,1075616466244898816,bentmailbox ğŸ³ï¸â€âš§ï¸,vampire chick,lucille25585229,2022-10-16,2022-10-16 04:30:00,04:38:31
2022-10-16 04:38:54,replied_to,"@lovingtomodachi this isnâ€™t a joke anymore i genuinely want to be with you my GIGANTIC, JUICY ass clenches at the thought of marrying you and growing old with you until we die side by side as a happy couple i cup your cheeks and kiss you again with tears in my eyes i canâ€™t believe this is real",1578280409770565632,HEIZOU LOVES ME â™¡,"ic: kurolee97
werewolf https://t.co/xQa1KpojI1",lovingtomodachi,1550345419888156674,FRANKENSTEÒ‚N.,"life is dear to me, and i will defend it . âœ áª",404DESTRUCTIVE,2022-10-16,2022-10-16 04:30:00,04:38:31
2022-10-16 04:38:54,retweeted,"RT @Parvati46292737: Calm Your Mind with 
#AsharamjiBapuQuotes these quotes work as 
Daily Dose in our life
Thoughts of Sant Shri Asharamjiâ€¦",1554679763888771072,Parvati,Teacher,Parvati46292737,1259565303232520192,Dr.Ajinkya R Renke (LIC Agent),à¤†à¤œ à¤®à¥ˆ à¤œà¥‹ à¤•à¥à¤› à¤­à¥€ à¤¹à¥ à¤®à¥‡à¤°à¥‡ à¤­à¤—à¤µà¤¾à¤¨ à¤¸à¤‚à¤¤ à¤¶à¥à¤°à¥€ à¤†à¤¸à¤¾à¤°à¤¾à¤®à¤œà¥€ à¤¬à¤¾à¤ªà¥ à¤•à¥‡ à¤µà¤œà¤¹ à¤¸à¥‡ à¤¹à¥!,RAjinke,2022-10-16,2022-10-16 04:30:00,04:38:31
2022-10-16 04:38:55,replied_to,"@amopastibigwin1 @RichQuack You have amazing work.
Feature it on @globalnft02",1488033991869734920,NFT VISION,"On a mission to empower the digital creators ğŸ¤.
Selling out NFT projects ğŸ’¸.
Supporting NFT artists @wildsportsbets
DM for inquiries and paid promotions ğŸ“©.",Globalnft02,1574368199139004416,Elijah,,Elijah95743018,2022-10-16,2022-10-16 04:30:00,04:38:31
2022-10-16 04:38:55,,It is always painful for me to read other PM work and commenting on the inconsistency on their work :(,,,,,40458460,MH,"30/Jack of all trades....

Apparently I'm master of none~",MegiYang,2022-10-16,2022-10-16 04:30:00,04:38:31
2022-10-16 04:38:55,retweeted,"RT @AlmightyThroat1: FINALLY..  DL Teacher Is Back! After Months Of Not Linking, He Pulls Up To My House Unexpectedly As I Was Leaving &amp; Saâ€¦",1574543887808581643,InfinityThroat,"ThroatGoatMKEğŸğŸ’¦ Dick Eater/Nut Eater Content CreatorğŸ¥, Link & Collabs HmuğŸ˜ğŸ¤˜ğŸ¾DL, Straight, Bi, Curious & Gay are welcomeâ˜ºï¸ğŸ¤TravelğŸ§³ SC: BeQuiet32",AlmightyThroat1,976979741550043136,ğŸ˜ˆ FineAppleExpress,imma Pimp by blood imma #Top who likes his #Bttms slutty and always ready to take dick follow me on https://t.co/prLoxSNF6n #IG @IconicAnt_,energykeeper35,2022-10-16,2022-10-16 04:30:00,04:38:31
2022-10-16 04:38:54,retweeted,"RT @AotuNFT: â›©ï¸As of now, we have received many requests for cooperation from communities and project parties, and we thank you for your suâ€¦",1524275879920111616,Aotuworld_NFT,AotuWorld is officially authorized to launch AOTUNFT overseas. Aotuverse will open our infinite exploration in Web3 and metaverse through the first issue of NFT,AotuNFT,897056267109380096,Abdul Gudussi Djalo,å¼€å­¦ç¬¬ä¸€å¤©ï¼Œä¸¤ä¸ªå¨ƒï¼Œä¸€ä¸ªæ‰˜å»å¤–å©†å®¶åƒæ—©é¥­ï¼Œä¸€ä¸ªäº¤ç»™å¥¶å¥¶ã€‚æœ‰é•¿è¾ˆåœ¨é™„è¿‘è¿˜ä¸ç®—å¤ªæ‰‹å¿™è„šä¹±ï¼Œç¬¬ä¸€å¤©ä¸‹åˆè¯¾æ»¡ï¼Œå¿å¿‘æ˜¯ä¸€å®šçš„ï¼Œä»Šå¹´æ•™çš„ç­çº§ä¹Ÿä¸çŸ¥é“ä»€ä¹ˆæƒ…å†µï¼Œæˆ‘åªèƒ½å°½è‡ªå·±æœ€å¤§çš„åŠªåŠ›å§ã€‚å¸Œæœ›å­©å­ä»¬èƒ½å–œæ¬¢æˆ‘ã€‚æ–°åŠå…¬å®¤æœæ°”è“¬å‹ƒï¼Œéƒ½æ˜¯å¹´è½»åŠ›é‡ï¼Œæˆ‘åšä¸€ä¸ªèººå¹³çš„ä¸­å¹´è€æ•™å¸ˆï¼Œè¿˜æ˜¯åº”è¯¥å¤šå‘ä»–ä»¬å­¦ä¹ ã€‚ç»™è‡ªå·±æ‰“æ‰“æ°”å§ã€‚,DjaloGudussi,2022-10-16,2022-10-16 04:30:00,04:38:31
2022-10-16 04:38:55,retweeted,RT @JoJodieJodes: Currently at work!!! ğŸ˜… Everyone who subscribes to my Onlyfans tonight gets an extra special picture just for them!! ğŸ’–ğŸ˜ˆ htâ€¦,354379455,PrincessAttitude99 ğŸ’– TOP 3.2%ğŸ’–,"â™“Piscesâ™“
â˜€ï¸.23.Essex.ğŸŒ™
ğŸ“¹YouTuber&TikTokerğŸ“·
ğŸ’™MysticğŸ’™
ğŸSlytherinğŸ
ğŸ’24/11/16ğŸ’
SnapChat: @ JoJodieJodes
Insta: @ PrincessAttitude99
ğŸ’•14.3k+ SubscribersğŸ’•",JoJodieJodes,1420911848912609287,JesÃºs RoldÃ¡n,Soy sencillo y humilde.,JessRoldn20,2022-10-16,2022-10-16 04:30:00,04:38:31
2022-10-16 04:38:54,retweeted,"RT @Dexterthekobold: Day 15: Shock
@GardeHexe just got ready for work when she felt really weird, first a headache and then pain in her bacâ€¦",374578414,H.exe (Hiatus),29 | pfp by @DinoFruit ; Banner by @mark33189 | FromSoftware & Pokemon enthusiast | Trying to get better at art at my own pace | Please do not repost my works,GardeHexe,1190420417724502016,viâœ§,"-17. 
-mainly rts interjected with random comments. 
-non binary.
-sometimes rts weird furry things (mainly tf).
-pfp by @Aruna10422328.
-banner by @CaliS0401.",vithederg,2022-10-16,2022-10-16 04:30:00,04:38:31
2022-10-16 04:38:54,replied_to,@TacoAmigo777 he could have been afraid to say anything when he was seeking legal advice. he also isn't responsible for our emotional distress. as a community everyone needs to practice distress tolerance and work on not having such emotionally reactive responses.,2299384237,alex! âœ¨ğŸ’™ğŸ’šâœ¨,|| everywhere but nowhere at the same time ||,TacoAmigo777,226479815,mic-or-treat ğŸ¬ğŸ’€ ||,ğŸ’› @corpsewt || emrys! áµ•Ìˆ ê©œ âœ¡ï¸ || 18+ pls || one of usğŸ—|| $plu3357 || https://t.co/0UkIUaVjHT,forgetmic_,2022-10-16,2022-10-16 04:30:00,04:38:31
2022-10-16 04:38:54,retweeted,"RT @StonyBrookBASE: The boys of spring puttin' in that fall work ğŸ˜¤

ğŸŒŠğŸº x #NCAABaseball https://t.co/eNBysJnuaO",510903404,Stony Brook Baseball,"Home of Stony Brook Seawolves Baseball / NCAA Regionals 1995, 2004, 2008, 2010, 2012, 2015, 2019 / College World Series 2012",StonyBrookBASE,1373705539423723522,Kristen Hladik,,HladikKristen,2022-10-16,2022-10-16 04:30:00,04:38:31
2022-10-16 04:38:54,retweeted,RT @NOOClTY: and watch people ignore sunoos entire hard word of making enhypen work as a GROUP just for their 5 minutes of a false sense ofâ€¦,1566445912108548097,IQ200 HAPPY SWEET POTATO,over kpop? no. over sunoo? yeah.,NOOClTY,1551766060898332672,pjongsaengz,,jongssaengs,2022-10-16,2022-10-16 04:30:00,04:38:31
2022-10-16 04:38:54,,"I'm smiling so hard rn at work.
Trance is my therapist. ğŸ‘
#ABGT500",,,,,1355538747702603776,hokkaido â³ï¸,"30 - Average wolf ğŸº â€¢ Anjunabeats/deep, Enhanced Recordings groupie â€¢ Fursuit built by: @LazyJoySuits @RandRCustoms
â€¢Texas fur â€¢single",wolf_hokkaido,2022-10-16,2022-10-16 04:30:00,04:38:31
2022-10-16 04:38:54,replied_to,"@SuellaBraverman They didnt 'try to ruin' it, not that facts have ever got in your way before.",1722829178,Suella Braverman MP,Conservative MP for Fareham and Home Secretary,SuellaBraverman,778872461265932288,Martin Southwood,"Artist, imaginist, writer, consultant, nature lover. Radical #socialist",paintandashes,2022-10-16,2022-10-16 04:30:00,04:38:31
2022-10-16 04:38:54,replied_to,"@AmazonHelp @TheOfficialSBI Kindly chime in here as @amazonIN was not able to assist. I was simply told by AMZ to connect with the bank. This is SBI Rupay (Network within India) JCB (Network outside India) Debit Card (Card Code: RPJ) and hence, should work like other Debit Cards. Total mess",1282946089,Amazon India,The official Twitter profile of https://t.co/xHtunc8Tcp,amazonIN,1421894132788862982,Pallab Roy Chowdhury,"A common man, just leading a simple life without any expectations",prc1990,2022-10-16,2022-10-16 04:30:00,04:38:31
2022-10-16 04:38:54,,I act like i donâ€™t work tomorrow ğŸ˜‚,,,,,194197754,Nobody,Nurse ğŸ©º Scorpio â™ï¸ IG: itstaffyy__ ğŸ’,onlyonetaff,2022-10-16,2022-10-16 04:30:00,04:38:31
2022-10-16 04:38:54,retweeted,"RT @DrTedros: .@WHO expresses its deepest condolences to @RESCUEorg whose staff member was killed in #Tigray, Ethiopia. Humanitarians workâ€¦",22053725,IRC - International Rescue Committee,"We respond to the worldâ€™s worst humanitarian crises and help people to survive, recover, and gain control of their future. Join us #StandWithRefugees.",RESCUEorg,960152270045437954,Berhane Kiross,Time is weapon when people are being starved. EndTigraySiege NOW! Stop #TigrayGenocide.,Axumite_1,2022-10-16,2022-10-16 04:30:00,04:38:31
2022-10-16 04:38:53,retweeted,RT @ImBuiltLikeThis: I should of went to work lol,414141446,DT ï¸»â”³ãƒ‡â•ä¸€,(T)rue(H)ero(U)nder(G)od  â™ï¸ ğŸ¦‚,ImBuiltLikeThis,875754241616486400,Should Of Went,Retweeting people who should of went to school a bit more often.,ShouldOfWentBot,2022-10-16,2022-10-16 04:30:00,04:38:31
2022-10-16 04:38:53,replied_to,@spacedbisley HE WOULD he'd have them hanging everywhere,729802510584553473,Arthur Morganâ€™s lice,ğŸ€ğŸ€ hitman turned rat owner | matching with @deathsstranding | private acc @harveyskeitel,spacedbisley,1355004958840655873,Hailey ğŸŒ¹,,dinashaircurl,2022-10-16,2022-10-16 04:30:00,04:38:31
2022-10-16 04:38:54,retweeted,"RT @01Btsxarmy1: BTS only have ARMY,if not us then who will vote? ğŸ˜¢ Teamwork makes the dream work right? We still have time to take the leaâ€¦",1238783007881752576,ARMY VOTING TEAMâ·,AVT | Fanbase affiliated to BTSxARMY VOTING TEAM (@01btsxarmy) | Fan Account | @BTS_twt | turn on ğŸ”” for reminders,01Btsxarmy1,958860911611068416,Olive â·,ARMY for life ğŸ’œ,yeopiphany,2022-10-16,2022-10-16 04:30:00,04:38:31
2022-10-16 04:38:54,replied_to,do i take ot,9549022,Iron Spike,"Bestselling author. Cartoonist. Vulgarian. Motormouth. Gifted & Talented. Runs @ironcircuscomix, Chicago's largest comix publisher. Shares plenty, owes nothing.",Iron_Spike,1581064604070957056,auds,elvis and austin enthusiast | she/her | also @cherrysswift,jailhousebutler,2022-10-16,2022-10-16 04:30:00,04:38:31
2022-10-16 04:38:53,retweeted,"RT @Iron_Spike: Ppl just see goth GFs on TV and think about how much fun it would be to have one, but are YOU gonna take her on all the cemâ€¦",9549022,Iron Spike,"Bestselling author. Cartoonist. Vulgarian. Motormouth. Gifted & Talented. Runs @ironcircuscomix, Chicago's largest comix publisher. Shares plenty, owes nothing.",Iron_Spike,1141636362875166720,Coffin Cass,"30s-â™‚-He/Him | Pillow Princess (The Comfy Kind) | Polyamorous |ğŸ” Age in bio, or blocked ğŸ” |
A little bratty :3 | ğŸŠ",ChillLeopard,2022-10-16,2022-10-16 04:30:00,04:38:31
2022-10-16 04:38:54,replied_to,"@macastel3 Good post!

Working/living in China &gt;1 year is like an MBA in life!",14140433,Marco Castelli,"Arbitrage commerce between the rest of the world, Italy and China. Shanghai based. SMB owner.",macastel3,1427458423596093450,Dennis Philipse,"Dutch ğŸ‡³ğŸ‡±  HK is my home ğŸ‡­ğŸ‡° , Ultra Trail Runner, LGBTQ+ ğŸ³ï¸â€ğŸŒˆ,  Community, Startup, Technology, Impact, Purpose, Founder of Gay Games 11 HK and ""Out in HK""",DennisPhilipse,2022-10-16,2022-10-16 04:30:00,04:38:31
2022-10-16 04:38:53,replied_to,@IllegalMind115 @SheilaGunnReid Hope you are preparing for cancer.,550250082,Sheila Gunn Reid,"Alberta's child. Oilpatch wife. Farmer mom. Rebel News Board of Directors. Editor-in-Chief. Meat evangelist. Bow hunter. Rise, Peter; kill and eat.",SheilaGunnReid,1567332309933895682,JURRIENS VAN DAM,CARING,JurriensD,2022-10-16,2022-10-16 04:30:00,04:38:31
2022-10-16 04:38:54,replied_to,@Phil_Lewis_ Based,286998245,philip lewis,detroit native. senior front page editor @huffpost.,Phil_Lewis_,1574392121049681921,BillG,Mpls Funkster saxophonist,BillGaskill_sax,2022-10-16,2022-10-16 04:30:00,04:38:31
2022-10-16 04:38:54,replied_to,"@berethnara â€¦. my bad, i should have specified there is a time to walk around campus and another, also important time, to lock oneself in the library bathroom to cry as if there is no tomorrow (every 2 days &amp; every sunday guaranteed) (im sorry my dude, it really gets hard sometimes ğŸ«‚)",1484686174316810240,Raya :3,(^Ğ·^)-â˜† || cr:,berethnara,2502224487,sele (spooky) â,"'fantasy, like poetry, speaks the language of the night.'                                                                      23 | ğŸ‡µğŸ‡¾ | eng/esp.",curiosasele,2022-10-16,2022-10-16 04:30:00,04:38:31
2022-10-16 04:38:53,retweeted,"RT @xXBabyOFXx69: Relapsing subs are some of my favorites to work with ğŸ¥°
Oh, I will absolutely make sure you feel humiliation tomorrow mornâ€¦",1550362002228273152,MISS BABY FIREFLY | GODDESS | $$$,ğŸ’‹ xXBabyOFXx (25)ğŸ’‹âœ¨ Debt Contracts | Chastity | CBT.SPH.CEI | Ownership | Foot Content âœ¨ $20 tributeğŸ–¤,xXBabyOFXx69,1398413195941920768,hiatus,"Be honest, Be real & Be yourself â¤",hiatus1999,2022-10-16,2022-10-16 04:30:00,04:38:31
2022-10-16 04:38:53,,he could be on mars and iâ€™d find a way to make it work,,,,,1535178976473120768,uÊsÊÉá—¡,Iâ€™m nocturnal,D3adD0gg,2022-10-16,2022-10-16 04:30:00,04:38:31
2022-10-16 04:38:53,,I gotta be at work in 5 hours ğŸ˜’,,,,,341872357,â™Ÿ,"ğŸ‘¸ğŸ¾, riplarry",22lissap,2022-10-16,2022-10-16 04:30:00,04:38:31
2022-10-16 04:38:54,replied_to,@jodyvance @pattibacchus @steeletalk @dana_gee @CHEK_media Enjoyed your show today.wacthing from Kingston on sat tv. Keep up the good work,1429918391146450951,CHEK,"Proudly independent and local. Employee owned and operated broadcaster based in Victoria, B.C. 65 years serving Vancouver Island and Greater Vancouver.",CHEK_media,42797665,bigtone,,backss,2022-10-16,2022-10-16 04:30:00,04:38:31
2022-10-16 04:38:53,retweeted,RT @bigidaq: Men will break up with you because they wanna work on themselves and the work is literally another relationship.,973698666442776576,QğŸ¹,enjoy the journey,bigidaq,1579617029903904768,Maggie,,iamperiod_ah,2022-10-16,2022-10-16 04:30:00,04:38:31
2022-10-16 04:38:54,replied_to,@screamingbrains I love your work,1443883061666463748,Screaming Brain Studios,"Old School graphics for Old School projects made using 
Old School techniques with a bunch of Old School tools

I make Free Game Assets and Graphics Tutorials",screamingbrains,1309671689194700800,WarGamer,Wannabe indie game developer. Futurist interested in complete automation of the world's industries and self replicating machines.,WarGame30933851,2022-10-16,2022-10-16 04:30:00,04:38:31
2022-10-16 04:38:53,retweeted,"RT @PopCrave: Manhattan congressional candidate Mike Itkis has shared his own sex tape to highlight his ""sex positive"" platform.

Itkis sayâ€¦",4429003533,Pop Crave,All Things Pop Culture. ğŸ“§Info@PopCrave.com,PopCrave,1315384185935335425,Sin Ï€ ğŸ”,"30/m/Looking for a tasty snack,This should certainly wet your appetite. I won't bite, that's your job.

less lewd: @pie_crafted",your_sin_pie,2022-10-16,2022-10-16 04:30:00,04:38:31
2022-10-16 04:38:52,replied_to,"@BuckI_Joe @TaylorPopielarz It is exactly how it should work. Negotiating back and forth. Democracy is based on it. Oddly, fascism isnâ€™t. 

What is GOP plan to fund police. 

Crime is up because there are more guns. Last week a kid with AR-15 was planning something at OSU. Not that you would give a shit.",859016395,Taylor Popielarz,"Covering Ohioâ€™s delegation on Capitol Hill for @SpectrumNewsDC & @SpectrumNews1OH | @ABC57News, @QuinnipiacU, @SJRHighSchool alum | Taylor.Popielarz@charter.com",TaylorPopielarz,1052708817794940929,BLP,"ğŸŒŠ ğŸ‡ºğŸ‡¸ğŸ‡ºğŸ‡¦â˜•ï¸ ğŸŒ»ğŸŒˆParent, family, transplant Ohioan, green thumb, raised Republican matured into a Democrat. Follow if you want to turn Ohio blue. #voteBlue2022",lbp2345,2022-10-16,2022-10-16 04:30:00,04:38:31
2022-10-16 04:38:52,retweeted,"RT @Chrissuccess: #Thunivu patch work shoot started! 

Pongal Release!",158671313,Christopher Kanagaraj,"Contributing to @FabFlickz. Movie Follower in Tamil, Malayalam, Hindi, English, Telugu & Kannada. Tweets r Personal. Get Daily reviews for New rels @ckreview1",Chrissuccess,1020158558757797888,siththu kv,"Look after you parents god will look after you 
- #Ajithkumar - MsD -TN51- Thevar Magan- Aircraft maintenance engineer",SiththuKv,2022-10-16,2022-10-16 04:30:00,04:38:31
2022-10-16 04:38:53,retweeted,"RT @genet09956364: The Council and the wider IC should use every tool at their disposal, including a package
of punitive sanctions, to compâ€¦",1333483732695715845,Gal Alage Adishhoâ¤ï¸,áŠ¦ áŒá‹­á‰³ áˆ…á‹á‰¥áŠ» á‰¥áˆáˆ•áˆ¨á‰µáŠ« áŠ£á‹µáˆ•áŠ–ğŸ™ â¤ï¸ğŸ’› #Tigray prevailâ¤ï¸â¤ï¸ğŸ’›â¤ï¸ğŸ’›ğŸ’ªğŸ’ªğŸ’ª,genet09956364,1492433413734817794,ğ‰ğğ«ğ«ğ²ğŸ¥€ğŸ‘‘ğŸ”°,"áŠ¨áˆ á‹˜á‹­á‰µáˆáˆáŒ¥ áˆááˆ‹áŒ¥ áŠ¥á‹© áŠ¥á‰² á‹á‹“á‰ á‹¨ ááˆáŒ á‰µ âœŒtiktokğŸ‘‰  https://t.co/kDG95uFISw YouTube ğŸ‘‰https://t.co/Cpb2RWcWA3. f.bğŸ‘‡
https://t.co/3CARk03ADU",JEERY890,2022-10-16,2022-10-16 04:30:00,04:38:31
2022-10-16 04:38:52,replied_to,@lively_nation Why? Making up individual pronouns for every person on earth is insanity. Validating that insanity is also a type of mental illness. Thus . . . lunatics. https://t.co/EFmZE0RKDN,1568919328388530178,Blake Lively Stan ğŸ’•,"#1 fan of Blake Lively. Daily updates, pics ğŸ videos ğŸ¥ Spreading love ğŸ’• (not hate) and support for the talented and beautiful Blake Lively",lively_nation,1437086596768088076,Wynn Duffy ğŸ‡±ğŸ‡¹,Back to this hellsite after a year of self imposed exile. Political nomad. There's a very good chance that I think your favorite politician is a douchebag.,WynnDuffyOG,2022-10-16,2022-10-16 04:30:00,04:38:31
2022-10-16 04:38:52,retweeted,"RT @ourjamaisvu: bts did an entire concert for two hours for their biggest auidence yet and completely free, they arent earning anything frâ€¦",1317904057869225985,ğ˜¢ğ˜µğ˜©ğ˜¦ğ˜¯ğ˜¢ â·,"ã…¤
ã…¤ã…¤// thanks to my biggest love, bts â™¡ //",ourjamaisvu,1062087945761554433,çµ hanii â·,when you're winning the argument so they block you out of frusteration ğŸ¤­ğŸ¤­,hxaniii,2022-10-16,2022-10-16 04:30:00,04:38:31
2022-10-16 04:38:52,replied_to,@ernestfx_ @Toothpaste__1 Maybe,1283763148030390273,ğ“ğ¨ğ¨ğ­ğ¡ğ©ğšğ¬ğ­ğ âš¡ï¸,|| Black Pepper Exporter || @mubs alumni || Entrepreneurial enthusiast || mixed blood ğŸ‡ºğŸ‡¬ ğŸ‡¬ğŸ‡³ğŸ‡¨ğŸ‡®||@Hillsdale College Michigan || Fik and Burna ğŸ”¥,Toothpaste__1,1547090234705268737,Lavi â¤ï¸â¤ï¸â¤ï¸,"í•˜ë‚˜ë‹˜ ë‚˜ë¼

The poet",Laviz0,2022-10-16,2022-10-16 04:30:00,04:38:31
2022-10-16 04:38:52,replied_to,"@iCANTTKUSRIUSLY @sredge When that introspective side to progress is disregarded, what remains is a battle of subjectivity, of what each of us THINKS should be the next step of humanity. And most of what we do in that sense is expecting others to change for us.",180617586,Susan Redge,"Bernie Supporter, #NotmeUs",sredge,198017129,Derf Shaya,"Simulacrum of a thinking human on a journey to attain sapience.

https://t.co/UzVl86hAtF",derfshaya,2022-10-16,2022-10-16 04:30:00,04:38:31
2022-10-16 04:38:52,retweeted,RT @moisturizednerd: patriarchy and the porn industry ruined peopleâ€™s perception of intimacy. i work in labor and delivery and seeing fatheâ€¦,72163535,s ğŸ‡µğŸ‡·,viva el caribe libre |ğŸ‘©ğŸ½â€ğŸ”¬| leo| â˜­,moisturizednerd,948318914,âœ¨,"looking from a window above, itâ€™s like a story of love. ğŸªŸâ˜ï¸ a highly opinionated fashion/film/tv/music connoisseur. some tweets are for parodic purposes.",mabelsmidnights,2022-10-16,2022-10-16 04:30:00,04:38:31
2022-10-16 04:38:53,replied_to,"@ARTheBeliever ğŸ¤£ğŸ¤£ ""Riots work.""",1036858356563030016,Grandmas Pancakes,"Muslim New Afrikan, Rapper, Maroon, Anti Capitalist.",ARTheBeliever,3154224432,Abu Emad,Historian of the African American Experience and U.S. Foreign Policy. Retweet is not necessarily an endorsement.,AbuEmadbinH,2022-10-16,2022-10-16 04:30:00,04:38:31
2022-10-16 04:38:52,replied_to,"@theebigbossSS Offensive recruits too.  UF was stopped on offense much of the night.  Two 50+ yard plays, a short drive after a TO led to a majority of UF's points.",289387386,Mr. Snell,Former Florida Gator All-American. BBQ Thanos. Lover of all things Brisket. I bleed Orange and Blue ğŸŠ,theebigbossSS,48938093,James Swofford,,JamesSwofford,2022-10-16,2022-10-16 04:30:00,04:38:31
2022-10-16 04:38:53,quoted,Ok they too damn nice lol https://t.co/SwpPiB2XAo,609581844,Matt Zimmerman,"Lifelong Razorback â€¢Former Assistant Basketball Coach Arkansas,Missouri,UAB. Wonderview/Plainview/Dardanelle HS  Please listen to Razorback Daily",CoachZ_ARKANSAS,358324334,Son Swift,"Believer of The Most High | Music Producer | Boxing Expert | I donâ€™t debate or argue || For Beats/Inquiries: cswiftmusic@gmail.com | From: Little Rock, AR",its_sonswift,2022-10-16,2022-10-16 04:30:00,04:38:31
2022-10-16 04:38:52,quoted,You just give ticket to kuldeep Bishnoi's son and another side talking about parivaarvad https://t.co/Oq6HFHBlJN,355989081,ANI,"Asian News International. Multi-media news agency, content for information platforms: TV, Internet, broadband, newspapers, mobiles https://t.co/eEMPAbi38k",ANI,145633245,SumiT TooR,Life dedicated to humanity..,sumittoor,2022-10-16,2022-10-16 04:30:00,04:38:31
2022-10-16 04:38:53,retweeted,"RT @Mhandisi84: @Jules31415 McConnell wants to be Majority Leader before he retires (I doubt he will run for re-election again), but only oâ€¦",263547117,Julia ğŸ‡ºğŸ‡¸,"Old-School Conservative. Citizen Journalist. ğŸ™#SpacesHost, @TwoFedsTheTruth Podcast Host. Truth Social, Gettr, Parler: MadamPresident. ğŸ‡ºğŸ‡¸",Jules31415,1371291126011953152,SueKee,Irish/ItalianğŸ‡ºğŸ‡¸JerseyGirlğŸ‡ºğŸ‡²MarriedğŸ‡ºğŸ‡¸TrumpublicanğŸ‡ºğŸ‡²I stand with IsraelğŸ‡®ğŸ‡± #MAGA,SueKee4,2022-10-16,2022-10-16 04:30:00,04:38:31
2022-10-16 04:38:52,replied_to,@JerronK_ LMFAOOO ğŸ˜‚ğŸ˜‚ğŸ˜‚ğŸ˜‚ğŸ˜‚ğŸ˜‚ğŸ˜‚ğŸ˜‚ğŸ˜‚ğŸ˜‚ğŸ˜‚ğŸ˜‚ğŸ˜‚ğŸ˜‚ğŸ˜‚ğŸ˜‚ğŸ˜‚ğŸ˜‚ğŸ˜‚ğŸ˜‚ğŸ˜‚ğŸ˜‚ğŸ˜‚ğŸ˜‚ğŸ˜‚ğŸ˜‚ğŸ˜‚ğŸ˜‚ğŸ˜‚ğŸ˜‚ğŸ˜‚ğŸ˜‚ğŸ˜‚ğŸ˜‚ğŸ˜‚ğŸ˜‚ğŸ˜‚ğŸ˜‚ğŸ˜‚ğŸ˜‚,772184387530227712,JK,4DBğŸ’°ğŸ–¤|,JerronK_,851135801991802880,42k,"40,000+ Subscribers on @YouTube 120,000+ Followers on @TikTok",Indeviouz,2022-10-16,2022-10-16 04:30:00,04:38:31
2022-10-16 04:38:53,replied_to,@Adrian_Fontes 331 likes after 4 hours and supposedly 30k followers,517319985,Adrian Fontes,USMC Vet. Patriot. Election Hawk. Dad. Dem Nominee for AZ Secretary of State. Maricopaâ€™s 29th Recorder RTâ‰ endorsement,Adrian_Fontes,23153307,Dog Minion,#1a #2a,Levidog,2022-10-16,2022-10-16 04:30:00,04:38:31
2022-10-16 04:38:52,retweeted,"RT @kahsay_rgat: The Council and the wider IC should use every tool at their disposal, including a package
of punitive sanctions, to compelâ€¦",1521836114633445380,Rgat Kahsay,"á‹“á‹ˆá‰µ áŠ•á‹˜á‹­á‰°áˆ­á  á…áŠ•á‹“á‰µ
á‰µáŒáˆ«á‹­ á‰µáˆµá‹•áˆ­áŠ• áˆáˆ¨á‰“áŠ• á‰¥áŒ€áŒ‹áŠ‘ á‹°á‰ƒ 
á‰µáŒáˆ«á‹ˆá‹­á‰² áŠ¥á‹¨ á‹˜áŠ©áˆ­á‹• áŠ¥áˆá‰ áˆ­ á‹˜áˆ•ááˆ­ á‰³áˆªáŠ½ á‹¶ áŠ£áˆˆáŠ’ áŠ¥á‹© áŒ‹áˆá‹«á‰±
áˆšáˆµáŒ¥áˆ­ á‹“á‹ˆá‰µáŠ“ áˆ“á‹µáŠá‰µáŠ“::",kahsay_rgat,1505161753348423682,â áˆ™áˆ‰ áŠ áˆ›áˆƒ (áŒ‹áˆ 70áŠ¥áŠ•á‹°áˆ­á‰³ áˆ˜á‰áˆˆ ğŸ‡®ğŸ‡©â“‚ğŸ’â’½ğŸ’Šâ¤),âœï¸áˆá‹áŠ¨á‰µ áŠ¥áŠ“ áˆ«á‰¥áˆ»: áŠ á‰¥á‹á‰ á‹áˆ– á‹“áˆˆáˆ :áŠ¥áŠ•á‰³á‹­ áŠá‹­áˆ­á‹ áˆ°áˆ‹áˆ á‰¥áŠ«áˆ´á‰µ á‰°á‰µáˆ•á‰°áˆ / á‰µáŒáˆ«á‹­ á‰µáˆµá‹•áˆ­::(â“‚ğŸ’â’½ 03.11.2014.ğŸ’),MuLuTESFY,2022-10-16,2022-10-16 04:30:00,04:38:31
2022-10-16 04:38:51,retweeted,"RT @JakeMatthewsUFC: It is not hard to get to the UFC
Any bum can string together 5 wins against pub drunks &amp; get a contract.
That does notâ€¦",1393453590,Jake Matthews,,JakeMatthewsUFC,71177550,Mohamed Khabir,ğŸ™‰,Mohamedkhabir,2022-10-16,2022-10-16 04:30:00,04:38:31
2022-10-16 04:38:52,replied_to,@HarryTo100 Iâ€™m voting for Harry Styles for ARTIST OF THE YEAR at the #AMAs keep driving,1358833268125220864,Harry Promo,Promoting GRAMMY winning artist Harry Styles with streaming parties and getting all of #HarrysHouse to 100M ğŸ  | contact: harryto100promo@gmail.com,HarryTo100,1480527371660894212,out of aanyaâ€™s system,she/her pleasing not perfect.,whyaanya,2022-10-16,2022-10-16 04:30:00,04:38:31
2022-10-16 04:38:51,retweeted,RT @ofmd_alsaurus: something is happening in another corner of the internet that I do not like. if it reaches the wrong people I believe itâ€¦,1508234094525640705,alsaurus â˜˜ï¸ğŸ¦•,Iâ€™m the one who writes the weird pirate porn. ofmd-alsaurus on tumblr and alsaurus on ao3,ofmd_alsaurus,1519762751064711169,justatouchmorethan,kraken open a cold one with the gays,justatouchmore1,2022-10-16,2022-10-16 04:30:00,04:38:31
2022-10-16 04:38:52,,"There are a lot of internship opportunities here. An opportunity to work with the UN system.

https://t.co/Jip5fZxegZ

@DavidHundeyin @Morris_Monye @FS_Yusuf_ if you find this okay, do broadcast. Little or no experience is required. Just package your CV well.",468685040,FS Yusuf,"Convener @CitizenActionNG || Member, #ObiDatti Presidential Campaign Council || Comm Consultant || Community Organizer || #EndSARS. Fsyusuf8@gmail.com",FS_Yusuf_,374205607,Celestine Emeka Ekwuluo,Doctor | Humanitarian | Int. Relations & Diplomacy | UN | Master @ short | Blockchain enthusiast.,Celestine2David,2022-10-16,2022-10-16 04:30:00,04:38:31
2022-10-16 04:38:52,retweeted,"RT @Un_Welcome_: Got off work and horny, get on your knees and please daddy will you? ğŸ¥° https://t.co/gghtr0xaMa",1507095144985763849,Diegoâ€™s world ğŸ–¤,"22 â€¢ NSFW 18+ Welcome to the fun side ğŸ¥° Kink Friendly, Customs just DM âœ¨ NEW to NSFW",Un_Welcome_,950933974322499585,Sergio,,oh3yes4,2022-10-16,2022-10-16 04:30:00,04:38:31
2022-10-16 04:38:52,retweeted,RT @Rad_Back_Again: My friends are in Mulgrave pretty much every day after work and on weekends to support Cook to get the Crook Out. Hopeâ€¦,1559696477470932992,IamRad,Faith over fear âœï¸ğŸ’ ! Stay Awake Not Woke ! ğŸ‡®ğŸ‡³ ğŸ‡¦ğŸ‡º Happy wife and mother  â¤ï¸ bunny boiler hunter !,Rad_Back_Again,902536065197768706,Naruto015,"â­•ğŸ‘¾ğŸˆğŸ’œâ™Ÿâ‰¡ğŸ¥·ğŸ½ #WAGMI

https://t.co/CuZ3Zpd1gl",Cat_Kitten_Tiny,2022-10-16,2022-10-16 04:30:00,04:38:31
2022-10-16 04:38:52,retweeted,"RT @sallymurillo62: Work hard in silence, let success be your noise.

SunDate WITH JM YOSURES
#JMxAngelineOnTGS",1424721155479330816,sallymurillo06,Funny,sallymurillo62,1578327269072080897,Savv(samm2),,iamsav0115,2022-10-16,2022-10-16 04:30:00,04:38:31
2022-10-16 04:38:52,replied_to,@Lumkagirl Askies @Lumkagirl â¤ğŸ¤—ğŸ˜˜,320230801,Lumka MaMdudi,"Mother of 3/ God fearing/gym fanatic ğŸ˜ğŸ˜ğŸ˜ğŸ˜
DM at your own risk... im friendly though.",Lumkagirl,383583696,Sihle Mac'yah,"I am who I am..
Not who you think i am , Not who you want me to be...! I love myslfâ¤ #RefiloeMaele Super Fan & #Orlando_Pirates #ManUtd #RealMadrid #CR7 ğŸ™ğŸ¾",McKedamah,2022-10-16,2022-10-16 04:30:00,04:38:31
2022-10-16 04:38:51,retweeted,RT @EduEle5: Ejorrr I told him I had plenty followers and that he should be patient till atleast Monday and not sell this breathtaking workâ€¦,1209936268538322944,Edu,"Social Worker/ActivistğŸ™ Featured on BBCğŸ“º
Founder @BONCAFO
Global Youth AmbassadorğŸ‘‰@theirworld
Building @UnfilteredbyEdu Creative
https://t.co/GNEL3STmID",EduEle5,1234068971697164288,GOD DIDğŸ™ğŸ¦,MusicğŸ¶ğŸ¶ğŸ§ğŸµ Manchester United loverğŸ˜ğŸ˜ GossipsğŸ™„ğŸ¤«ğŸ¤« MemesğŸ¤£ğŸ˜ OUTSIDERğŸ¦ğŸ¦ğŸ¦,donbiggie04,2022-10-16,2022-10-16 04:30:00,04:38:31
2022-10-16 04:38:51,retweeted,RT @brahtdiosa: bodyâ€™s a work of art. https://t.co/314KEld2qr,1101976512067223557,êª—ğ‘œğ‘šğ‘– â§,de toute beautÃ© wicked witch.,brahtdiosa,1477511466773319684,yea,"19, Horny all the time",yea223322,2022-10-16,2022-10-16 04:30:00,04:38:31
2022-10-16 04:38:51,retweeted,RT @CapComCatWalk: Yes! A true inspiration @mlparkermedia !! Thank you for persevering to bring your transcendent work to life for the restâ€¦,26135056,Catherine Colello Walker,Earth and Planetary Scientist @WHOI and @NASA. Animal lover. Wannabe astronaut. I do all my own stunts. Human companion of @DreaminDog.,CapComCatWalk,126390676,ML (Marley) Parker,"Freelance science writer and photographer/videographer, specializing in #SciComm at sea ğŸŒŠğŸŒŠğŸŒŠ Currently in Hawai'i with @evnautilus",mlparkermedia,2022-10-16,2022-10-16 04:30:00,04:38:31
2022-10-16 04:38:51,replied_to,"@oddhauntings @hairmetals They don't want to earn money off of fanworks because the entire legality of the archive would be at risk.

This is pretty common knowledge and extremely easy to find out yourself.",1557651841239764992,steve motherless behavior,you know steve-o you're starting to sound like a lesbian. or at least like me. | fic writing & rambling,hairmetals,1550600568766341122,Moist,"Backup account for Beef/Disco/Moist. YKINMKATO, queer (they/them), inclusive, proship

fan of Hannibal, Ghibli, and Thai BL",moistvalueable,2022-10-16,2022-10-16 04:30:00,04:38:31
2022-10-16 04:38:52,replied_to,"@1MikeMorris @amandarland and by â€œgiving upâ€ â€¦specifically, the office received  a bomb threat",178510183,A.,,amandarland,721281624,Rainbow_magic,,Sarcastic_Cdn12,2022-10-16,2022-10-16 04:30:00,04:38:31
2022-10-16 04:38:52,retweeted,RT @_Pammy_DS_: Dating someone who understands you're a work in progress but also still adores you for the absolute fucking masterpiece thaâ€¦,862875254338846721,ğ™‹ğ™–ğ™¢ğ™¢ğ™® âœ¨,"Day dreamer and night thinker. What's the meaning of it all? Â¯\_(ãƒ„)_/Â¯

â˜€ï¸â™‰ğŸŒ™â™ â‡¡ â™’ 333 111 777 âœ¨",_Pammy_DS_,1124288871196442624,JasğŸ’,ğŸ‡¬ğŸ‡©| â™‰ï¸â˜€ï¸| â™‘ï¸ğŸŒ™| â™ˆï¸â¬†ï¸,soulfully_jas,2022-10-16,2022-10-16 04:30:00,04:38:31
2022-10-16 04:38:50,retweeted,"RT @Milash_Weldu_: ğŸŒThe Council and the wider IC should use every tool at their disposal, including a package
of punitive sanctions, to comâ€¦",1571452899766444033,"áˆšáˆŠ áŒ‹áˆ ,70",á‰µáŒáˆ«á‹‹á‹­áŠá‰µ áŠ­á‰¡áˆ­  áˆ˜áŠ•áŠá‰µ â¤ áŠ“áá‰†á‰µ áŠ£áˆˆáŠ• áŠ“áá‰†á‰µ áŠ£á‹°á‹­áŠ• á‹“á‹°á‹­áŠ• ğŸ’”ğŸ’”,Milash_Weldu_,1506295572893941766,brhan,,brhan50964202,2022-10-16,2022-10-16 04:30:00,04:38:31
2022-10-16 04:38:50,retweeted,"RT @01Btsxarmy1: BTS only have ARMY,if not us then who will vote? ğŸ˜¢ Teamwork makes the dream work right? We still have time to take the leaâ€¦",1238783007881752576,ARMY VOTING TEAMâ·,AVT | Fanbase affiliated to BTSxARMY VOTING TEAM (@01btsxarmy) | Fan Account | @BTS_twt | turn on ğŸ”” for reminders,01Btsxarmy1,1297992657227005952,LIAâ·ğŸŒï¸| fb,90% isi akun ini bts dan 10% taekook.,bbykookth,2022-10-16,2022-10-16 04:30:00,04:38:31
2022-10-16 04:38:50,retweeted,RT @therealkyra___: U gotta make me feel like Iâ€™m the only girl in the world.. Thatâ€™s the only way itâ€™s gone work,1041487538052104192,Kyra,the diary of a real b****,therealkyra___,1155903079,A l e x a n d r i a ğŸ–¤,sheâ€™s so different ğŸ¦‹ || uab,Alexandria1515_,2022-10-16,2022-10-16 04:30:00,04:38:31
2022-10-16 04:38:51,retweeted,"RT @RepAdamSchiff: Trumpâ€™s unsworn â€œstatementâ€ about the work of @January6thCmte is not a substitute for testimony under oath.

We await aâ€¦",1415384176593883137,January 6th Committee,"Select Committee to Investigate the January 6th Attack on the United States Capitol | Representative @BennieGThompson, Chairman",January6thCmte,254436839,celeste cuervo,ğŸŒŠğŸ‡ºğŸ‡¸ğŸŒŠğŸ‡ºğŸ‡¸ğŸŒŠğŸ‡ºğŸ‡¸ğŸŒŠğŸ‡ºğŸ‡¸ğŸŒŠ         #NoMoreCNN,9pandora,2022-10-16,2022-10-16 04:30:00,04:38:31
2022-10-16 04:38:50,replied_to,"@Cris_The_Girl Thank you for being the light on dark days. Thank you for cheering me up with your videos when I've needed it. Thank you for allowing me to forget the real world, even if it's just for 30 minutes, while you entertain with great videos. Keep up the great work.",1445537238834561024,ğŸ–¤ğŸƒCris the Spooky GirlğŸƒğŸ–¤,I go places and do things! check the YouTubes!ğŸ‘‡ğŸ¼BLMğŸ³ï¸â€ğŸŒˆğŸ³ï¸â€âš§ï¸ğŸ’™ğŸ’›,Cris_The_Girl,95632501,Sypherman,I'm not very interesting. Most of my tweets are retweets or replies to people that I am following.,Syphermce,2022-10-16,2022-10-16 04:30:00,04:38:31
2022-10-16 04:38:50,replied_to,@cc_fiji @Moneypox2 @NRA I love that you have a â€œlostâ€ of users: https://t.co/0lCwC9THNB,21829541,NRA,The NRA is America's longest-standing civil rights organization. #NRA #2A,NRA,784844843004547072,ğ”¹ğ•ğ•¦ğ•–ğ•Ÿğ•–ğ•”ğ•œ,Tweeter,BlueneckVA,2022-10-16,2022-10-16 04:30:00,04:38:31
2022-10-16 04:38:50,retweeted,RT @moisturizednerd: patriarchy and the porn industry ruined peopleâ€™s perception of intimacy. i work in labor and delivery and seeing fatheâ€¦,72163535,s ğŸ‡µğŸ‡·,viva el caribe libre |ğŸ‘©ğŸ½â€ğŸ”¬| leo| â˜­,moisturizednerd,2313132779,444 âœ¨,"chicago. 27. trying to stay here, i promise.",it_giiirll,2022-10-16,2022-10-16 04:30:00,04:38:31
2022-10-16 04:38:49,retweeted,"RT @DailyBayonetta: If you want my opinion, voice actors seem to be very underpaid for their talented work and that is something that shoulâ€¦",1227832987292766208,The Daily Status Of Bayonetta 3,"Get your everyday news about the current status of Bayonetta 3.
Old no news picture done by @Googleygareth
Run by Mollie Anderson",DailyBayonetta,958851233783140353,Aki,"i play things and make vocal synth covers i guess. i am also down apocalyptic for leo alvarez and todd bronson. he/him
18+ plz

PFP by @SpeechlessDog !",FurryFrikker,2022-10-16,2022-10-16 04:30:00,04:38:31
2022-10-16 04:38:50,retweeted,"RT @Getinwithgame: If you want to become a high value man, you must work on these four Areas of A Man:

1-Frame
2-Value
3-Pipeline
4-Polariâ€¦",1269689138208477185,Master Togan,Author | Coach â€” Put your mission first| Build a powerful lifestyle| Teaching on how men & women should behave in other to find love & keep love alive.,Getinwithgame,315704941,Neville,fitness/stoicism/investments/DIYs,Nevilleodhis,2022-10-16,2022-10-16 04:30:00,04:38:31
2022-10-16 04:38:49,retweeted,"RT @ourjamaisvu: bts did an entire concert for two hours for their biggest auidence yet and completely free, they arent earning anything frâ€¦",1317904057869225985,ğ˜¢ğ˜µğ˜©ğ˜¦ğ˜¯ğ˜¢ â·,"ã…¤
ã…¤ã…¤// thanks to my biggest love, bts â™¡ //",ourjamaisvu,956725648533458945,hay\â·âºâ¹ğŸ’œ jimtoberğŸ§šğŸ¼â€â™‚ï¸,i live in Namjoonâ€™s dimple || fan account âŸ­âŸ¬ ğ“ƒ°;âˆğ–§µ || 28. she/her,vopeparadise,2022-10-16,2022-10-16 04:30:00,04:38:31
2022-10-16 04:38:49,retweeted,RT @LarsHanson: Jeremiah Martin welcomed his second child into the world this week. Added a sack early against Arizona and even got in on oâ€¦,50967712,Lars Hanson,College Sports Editor @CascadiasportsN | Former UW publisher @Rivals | @MurrowCollege Educated,LarsHanson,449365510,crystal ğŸ¦‹,ğŸ’›,Crystalitaaa_,2022-10-16,2022-10-16 04:30:00,04:38:31
2022-10-16 04:38:50,replied_to,@plattoli @JJasonBarnett No it just feels like that because you work with Wheeler.,431289539,Jason Barnett,Great at 'Supporting Local.' Shirtless when appropriate.,JJasonBarnett,228920764,CB,,cbend88,2022-10-16,2022-10-16 04:30:00,04:38:31
2022-10-16 04:38:49,retweeted,"RT @PikaChulita: This creates more work for hourly employees AND it's food waste. But, you know, white veganism.",209281868,Katie R.M.,"She/Her. Bi/Pan Femme. Gaming, Anime, & Curly Hair. History Alum. Womanist. @Twitch, @LogitechG, & @EpicGames Partner (Code: CHU) ğŸ“§: CatchPikachulita@gmail.com",PikaChulita,1154993832972496901,kill Â°wÂ° - ğŸ³ï¸â€âš§ï¸,"Morgan/Leon, 21 but according to SlimJim twt Iâ€™m 34, Asexual Non-Binary | the gay AuDHD uncle you never wanted",ScorchCakeTM,2022-10-16,2022-10-16 04:30:00,04:38:31
2022-10-16 04:38:49,retweeted,"RT @01Btsxarmy1: BTS only have ARMY,if not us then who will vote? ğŸ˜¢ Teamwork makes the dream work right? We still have time to take the leaâ€¦",1238783007881752576,ARMY VOTING TEAMâ·,AVT | Fanbase affiliated to BTSxARMY VOTING TEAM (@01btsxarmy) | Fan Account | @BTS_twt | turn on ğŸ”” for reminders,01Btsxarmy1,1273927493406412800,.,"ğ—´ğ—¼ğ—¼ğ—± ğ—ºğ˜‚ğ˜€ğ—¶ğ—°, got them! good team? ğ—´ğ—¼ğ—±ğ—±ğ—®ğ—ºğ—»!",jm_bangtan7,2022-10-16,2022-10-16 04:30:00,04:38:31
2022-10-16 04:38:49,retweeted,RT @PawpatrolR2: We have 24hrs to find them a new foster or adopter before they end up in a boarding facility. We had a foster offer but itâ€¦,1532461881956388864,PawpatrolAnimalRescue,"Foster based animal rescue in Miami .501c3 registered non profitğŸ•

DONATE NOW/ ADOPT/ FOSTER.
https://t.co/X3NGHu4Gjy",PawpatrolR2,1551517471982493697,Atticus The Count Catticus of Blood & Venom,A Rescued Gray Tuxedo Cat. Very proud to defend against the zombie horde @ZSHQ. I was raised 2 be polite.I will only follow back animal accounts. Adoption rulz!,TheCatticus,2022-10-16,2022-10-16 04:30:00,04:38:31
2022-10-16 04:38:49,retweeted,"RT @AotuNFT: â›©ï¸As of now, we have received many requests for cooperation from communities and project parties, and we thank you for your suâ€¦",1524275879920111616,Aotuworld_NFT,AotuWorld is officially authorized to launch AOTUNFT overseas. Aotuverse will open our infinite exploration in Web3 and metaverse through the first issue of NFT,AotuNFT,1318336496819163139,Ù…Ù„ÙƒÙ‡,"ä¸€ä¸ªçƒ­çˆ±ç¾é£Ÿçš„å°æœ‹å‹
å–œæ¬¢åˆ†äº«ç”Ÿæ´»ä½†å‡¡èƒ½è¯´é€çš„ä¸œè¥¿ï¼ŒåŸºæœ¬ä¹Ÿå°±æ˜¯é‡Šæ€€äº†ï¼Œè¦çŸ¥é“ï¼Œå¿ƒç»“ï¼Œæ˜¯è¯´ä¸æ¸…æ¥šçš„ï¼Œç”šè‡³è¯´ä¸å‡ºå£ã€‚",LWR8ERuGEEKcs1O,2022-10-16,2022-10-16 04:30:00,04:38:31
2022-10-16 04:38:50,retweeted,"RT @01Btsxarmy1: BTS only have ARMY,if not us then who will vote? ğŸ˜¢ Teamwork makes the dream work right? We still have time to take the leaâ€¦",1238783007881752576,ARMY VOTING TEAMâ·,AVT | Fanbase affiliated to BTSxARMY VOTING TEAM (@01btsxarmy) | Fan Account | @BTS_twt | turn on ğŸ”” for reminders,01Btsxarmy1,1407341400119783441,hanhan,ISTRI YOONGI,butterxcriminal,2022-10-16,2022-10-16 04:30:00,04:38:31
2022-10-16 04:38:49,retweeted,"RT @party_fi: We are hard at work creating the groupfi future:

- Single-sided staking 
- Referral Campaigns
- Performance Fees
- Integrateâ€¦",1357393778928156674,PartyFi,DeFi startup; easy group chat investing platform. Join/create a crypto-trading party. Beginner friendly. New real yield NFTs-https://t.co/dk23WKsxko,party_fi,1340336132253478913,Omoike Bejosetale,,bejosetale,2022-10-16,2022-10-16 04:30:00,04:38:31
2022-10-16 04:38:48,replied_to,@yoitsnhi gorgeous work as always honey ğŸ˜­,2865463422,nhi,only losers drink and drive                https://t.co/oI8o6HmszE,yoitsnhi,1523435714,mac,"small dog, big bark, bigger bite. uta english â€˜22",macyjean_,2022-10-16,2022-10-16 04:30:00,04:38:31
2022-10-16 04:38:49,retweeted,"RT @Gog31566801: Barbz , please stop telling nicki who to work with &amp; please dont tell her ideas of what great artists would be a good fitâ€¦",1455711046841380873,BarbğŸ¥·BussinğŸ¦„biotchesâ™,"#barb #barbz barb Nicki Minaj fan account  ğŸ¦„
Sagittarius â™, you know what that means",Gog31566801,1541668192975732738,JulesD,Allergic to bulls***,JulesD71748040,2022-10-16,2022-10-16 04:30:00,04:38:31
2022-10-16 04:38:49,quoted,Always thought that man is a piece of shit. https://t.co/yXbs1uOad1,1042485528787136514,Bring Peanut Butter,Suda51 cultist and FF16 believer. Bring back Ivalice in FF and Venom in Guilty Gear. Sage main in FFXIV. Twitch Partner I guess,Dreamboum,1500434527017078789,Doc ğŸ” Heizou's daddy dom,21+ | SEA Chinese | EN/ä¸­æ–‡ | they/them | mean aro lesbian | Hard block and QRT Heizou antis | Misandrist | Minors dni,slugterradoc,2022-10-16,2022-10-16 04:30:00,04:38:31
2022-10-16 04:38:48,retweeted,"RT @DrTedros: .@WHO expresses its deepest condolences to @RESCUEorg whose staff member was killed in #Tigray, Ethiopia. Humanitarians workâ€¦",22053725,IRC - International Rescue Committee,"We respond to the worldâ€™s worst humanitarian crises and help people to survive, recover, and gain control of their future. Join us #StandWithRefugees.",RESCUEorg,1381842114724646913,á‹“á‹°á‹­ áˆ˜á‹“áˆ¨á‹­,,berhaneg2002,2022-10-16,2022-10-16 04:30:00,04:38:31
2022-10-16 04:38:48,replied_to,"@ruchitgarg I was trying to imagine the effort, time, patience that must have gone into making this... mind-boggling!",17787164,Ruchit G Garg,"Founder CEO @harvestingco, @harvestingfn, @hfoundationin , Chairman @ShobhitUniv Alumni Network, ex- @Microsoft, President Awardee",ruchitgarg,10735392,Amit Ranjan,"Tech Entrepreneur | Prev: CoFounded @SlideShare, Was Architect @DigiLocker_Ind #IndiaStack, MeitY, Govt of India | Angel Investor |  Views personal",amitranjan,2022-10-16,2022-10-16 04:30:00,04:38:31
2022-10-16 04:38:48,replied_to,@MSEdgeDev Why limited to US only?,1141081634,Microsoft Edge Dev,Official news and updates from the Microsoft Edge team on #MicrosoftEdge and #InternetExplorer,MSEdgeDev,1570292719448358919,Drench_In_Darkness,Looking for something new about #WindowsOS #Windows11 #Windows12 on #Twitter #halloweenğŸƒ,drench_in_dark,2022-10-16,2022-10-16 04:30:00,04:38:31
2022-10-16 04:38:48,replied_to,@SuellaBraverman Hi Slave of Britain,1722829178,Suella Braverman MP,Conservative MP for Fareham and Home Secretary,SuellaBraverman,1549609347445329921,Deshki,,DeshkiJantta,2022-10-16,2022-10-16 04:30:00,04:38:31
2022-10-16 04:38:49,retweeted,"RT @Jeff__Benjamin: ""Hearing ENGENEs cheer for us at every concert has been a big boost...we'll work on more songs that we can sing to youâ€¦",21621886,Jeff Benjamin,"Storytelling. K-pop columnist @Billboard, editor @TIDAL, host @KBSWorldTV|Words @NYTimes @RollingStone @Forbes @Variety @GQMagazine|JeffBenjaminWrites@gmail.com",Jeff__Benjamin,702455496565850112,ariâ· | heeseung day !,"pshâ€™s (ISTJâ€™s) & pjs's âŒ— 1 bff. ç§ã®æ„› , EN- love zone . . ğŸğŸ““ 7 ğŸ±ğŸ—¯ border : è¬è‚‰ç¥­ - track 05 !Â¡",prkshoonist,2022-10-16,2022-10-16 04:30:00,04:38:31
2022-10-16 04:38:49,retweeted,RT @ArcanaLab: Welcome sorcerer to the land of ARCANA! you made it we have been waiting for your arrival. Lets get to work! https://t.co/snâ€¦,1578210912531795968,Arcana,"PFP project with multiple utilities, built on Solana, discord link: https://t.co/ogRRlbZZTm",ArcanaLab,1467864380834414598,Gem,"Mod- Heroes of Astron, Azumi

SOL NFT Enthusiast | Road to Financial Freedom ğŸš€",imgeminii_23,2022-10-16,2022-10-16 04:30:00,04:38:31
2022-10-16 04:38:48,retweeted,RT @jakeshieldsajj: The moment Mike Jackson realized calling everyone white nationalist doesnâ€™t work in the UFC like it does on Twitter httâ€¦,80233893,Jake Shields,former UFC/MMA fighter 5 time world champion,jakeshieldsajj,155794622,KGAR,America First ğŸ‡ºğŸ‡¸,KellyLeeGarland,2022-10-16,2022-10-16 04:30:00,04:38:31
2022-10-16 04:38:49,retweeted,"RT @ufalme_: I'm a self taught designer and this is some of my work your support and retweets would be greatly appreciated ğŸ™ğŸ˜Š
Coloured . Amâ€¦",84218452,UFALME,"â—UFALME CEO ğŸ’ª
â—CREATIVE DESIGNERğŸ‘
â—SELF TAUGHT DESIGNER ğŸ¤ºğŸ‘œğŸ§¥
â— WHATSAPP CONTACTS ; 0603826290
READ ABOUT MY JOURNEY ON THIS LINK ğŸ™
https://t.co/1scn6VO6cB",ufalme_,831486805937643520,Mbekezeli Zwane,"I'm an Egalitarian , Capitalist nd a Marxist.  It might not make sense to you but it does to me .",De_otherguy,2022-10-16,2022-10-16 04:30:00,04:38:31
2022-10-16 04:38:48,retweeted,"RT @meansheltercats: @FranklySpeaks1 ğŸ¤“ Now would you explain how lists work? For example, is my name supposed to be on a list in order to jâ€¦",1490933498227662848,Grizabella,ğŸ¦‹Livid Womenâ€™s LibberğŸ”¥ğŸ’ªğŸ» MainersğŸ«vote for Janet Mills in November,meansheltercats,1376234816459444226,ğŸ‡ºğŸ‡¸ğŸ³ï¸â€ğŸŒˆğŸ‡ºğŸ‡¦ FranklySpeaking ğŸ†˜ğŸŒŠğŸšğŸ˜ğŸšğŸšğŸŒŠğŸ†˜,"Donâ€™t worry if you have haters trying to bring you down. 
It just means youre important enough to fuck with.

#LGBTQIA #BLM #DemVoice1 #BlueWave #GoodTrouble",FranklySpeaks1,2022-10-16,2022-10-16 04:30:00,04:38:31
2022-10-16 04:38:49,replied_to,@kaybooz Looks absolutely amazing! Cannot wait to see it in person someday ğŸ˜ can definitely tell yâ€™all put in the work and in just two weeks â¤ï¸,1300820712186404865,kaybooz TOP 0.01%,âœ¨25âœ¨ throat goat ğŸ click the link to make your life amazing ğŸ˜,kaybooz,1572546594460864512,Autumn Danielle,Your new favorite big boobed brunette ğŸ¥µ| Sweet with a naughty sideğŸ˜ˆ| Responds to all messages personally on OF ğŸ¥°|,autumnd_18,2022-10-16,2022-10-16 04:30:00,04:38:31
2022-10-16 04:38:48,retweeted,"RT @ImDamazonia: Before leaving to office, you husband will fuck you couple of minutes.Then entire day you have to stay at home &amp; clean homâ€¦",1576789507403558912,Mistress,Male Ego Destroyer | Mistress Daddy | 18+ only | Dm me for credit & content removal,ImDamazonia,1291537194394550272,Camile,"Viadinho, cadela, subzinha e puta. 23 anos.

Viado do @DomcashAM",CashMer04197631,2022-10-16,2022-10-16 04:30:00,04:38:31
2022-10-16 04:38:48,retweeted,RT @coach_Drowe: 4 days and counting for our first Practice of the 2022-20223 ğŸ€ Season @_LadyPanthers_  LETâ€™S WORK!!,1001082732829700096,Coach D.Rowe,Girls Varsity Head Coach @ Peachtree Academy    ğŸ€ğŸŠğŸˆâ€â¬›ğŸ€ğŸ€,coach_Drowe,1101498407900860417,LadyPanthersBasketball,All Things Peachtree Academy Lady ğŸ† ğŸ€â€¢ Coach @coach_Drowe â€¢ GAPPS,_LadyPanthers_,2022-10-16,2022-10-16 04:30:00,04:38:31
2022-10-16 04:38:48,retweeted,"RT @PopCrave: Manhattan congressional candidate Mike Itkis has shared his own sex tape to highlight his ""sex positive"" platform.

Itkis sayâ€¦",4429003533,Pop Crave,All Things Pop Culture. ğŸ“§Info@PopCrave.com,PopCrave,734443221812674560,brandon / #blacklivesmatter âœŠğŸ»,"he/him, hi! i am selling my entire funko pop collection, click below to buy ! ğŸ’™ğŸ’™ psalm 92:15 â™¡",funkopopruler,2022-10-16,2022-10-16 04:30:00,04:38:31
2022-10-16 04:38:47,retweeted,"RT @himantabiswa: #AssamAgainstDrugs

In a huge recovery last night by Churaibari Watch Post staff along Assam-Tripura border, @assampoliceâ€¦",3306790844,Assam Police,Official Twitter handle of Assam Police for positive engagement with all stakeholders in society.,assampolice,361787439,Akshay Chandorkar,,akshaychandorka,2022-10-16,2022-10-16 04:30:00,04:38:31
2022-10-16 04:38:47,retweeted,RT @j_vols: @rebeccahinderl1 A guy I work with has a friend who works for the video department on the team and he sent him this. https://t.â€¦,2905966587,Rebecca Elmore Hinderliter ğŸ¦…ğŸˆğŸ’šğŸˆğŸ§¡,Stay at home momma of 3 and huge Philly&Vols fan! Go Birds!,rebeccahinderl1,3296915667,Dustin Palmer,,VFLPalmer,2022-10-16,2022-10-16 04:30:00,04:38:31
2022-10-16 04:38:47,retweeted,RT @daniellexxvv: Could I send you pics like this while youâ€™re at work? https://t.co/wWDukMKsZG,1298785729581953028,Danielle,"Yes, theyâ€™re real | 18+ | ğŸ‡¨ğŸ‡³/ğŸ‡¦ğŸ‡· | â™¡ @leanroc2 | https://t.co/JvIgJhaOau",daniellexxvv,761031028047609856,Alvaro Baeza AlegrÃ­a,"Hola soy un joven que estudiÃ³ IngenierÃ­a Automotriz  y que le gusta oÃ­r mÃºsica, conocer lugares y pasear. TambiÃ©n me gusta conocer gente nueva.",AlegriaBaeza,2022-10-16,2022-10-16 04:30:00,04:38:31
2022-10-16 04:38:47,,"sometimes i see a thirst trap on tiktok and it certainly does work on me bc im like ooo theyâ€™re kinda cute ğŸ«£

but then i think through the fact that this man really knowingly and willingly posted a thirst trap on tiktok and like thatâ€™s a little bit cringe im sorry but ğŸ¤¢",,,,,391888522,Ù’,ruining my digital footprint one tweet at a time,wtvrnoeli,2022-10-16,2022-10-16 04:30:00,04:38:31
2022-10-16 04:38:47,,So my new house isn't used to receiving large orders like my old house but their entire setup is a lot better. Their cutting table is in the back with a lot of space for production. Their walk-in freezer is smaller but they make it work. Now that being said.,,,,,2907734886,Green Politics Lolâš¡ï¸ğŸ‘€ğŸ”¥â³,,PressHotSpot,2022-10-16,2022-10-16 04:30:00,04:38:31
2022-10-16 04:38:47,replied_to,"@visionsoflucid I got scammed twice and I decided to let the world know that not all recommendations are real only few are legit. Thanks to @Ahmed_eth01 who work with the service as the only one that Recovered back my account back, I hope this help.",1247767838829338627,Ahmed_eth,.Crypto~ ğŸ“ˆğŸ“‰Ethereum .Nfts .Web2/web3 Developer / blockchain developer/nfts creator /lost crypto and nfts thatâ€™s my job ğŸ—£,Ahmed_eth01,2659730112,Fadhilah Nur A,Be Happy! \=D/  |68'17,fnuradilla,2022-10-16,2022-10-16 04:30:00,04:38:31
2022-10-16 04:38:47,retweeted,RT @globaltimesnews: We must resolutely pursue a holistic approach to national security and promote national security in all areas and stagâ€¦,49616273,Global Times,"China's national English language newspaper, under the People's Daily. Apps: https://t.co/S9E7BpFVPI",globaltimesnews,1343974675219689472,Abdulrahman Abosife Ø¹Ø¨Ø¯Ø§Ù„Ø±Ø­Ù…Ù† Ø§Ø¨ÙˆØ³ÙŠÙ,Ù…Ø­Ù„Ù„ Ø³ÙŠØ§Ø³ÙŠ ÙˆØ§Ù‚ØªØµØ§Ø¯ÙŠ ÙˆØ§Ø¬ØªÙ…Ø§Ø¹ÙŠ,wj3Kdz8TXpfykRC,2022-10-16,2022-10-16 04:30:00,04:38:31
2022-10-16 04:38:47,replied_to,@_Pammy_DS_ Yep.  Say it again.  Young ppl need this.,862875254338846721,ğ™‹ğ™–ğ™¢ğ™¢ğ™® âœ¨,"Day dreamer and night thinker. What's the meaning of it all? Â¯\_(ãƒ„)_/Â¯

â˜€ï¸â™‰ğŸŒ™â™ â‡¡ â™’ 333 111 777 âœ¨",_Pammy_DS_,1557222736035844096,T Real,True 2 me n U.,TeresaC08235712,2022-10-16,2022-10-16 04:30:00,04:38:31
2022-10-16 04:38:46,,"ok basically the problem with my phone is that whenever I connect a charger, it'll work for a few days, it then stop working, like the charger will work on other devices but not my phone, use a another charger, works for a few days, then boom, my phone wont accept it, any help?",,,,,1573810562684932097,kidrorororo,depressed aspie internet goon,kidrorororo,2022-10-16,2022-10-16 04:30:00,04:38:31
2022-10-16 04:38:46,quoted,Aphrodite did her work for her ğŸ› https://t.co/uSY3FJLhEy,886964986265747456,ğšğ¥ğ¥ğ®ğ«ğ ğ¥ğ¨ğ¯ğ,"ğ’ğ’ğ’“ğ’† ğ’‡ğ’ğ’“ ğ’šğ’ğ’– , ğ’ğ’†ğ’”ğ’” ğ’‡ğ’ğ’“ ğ’ğ’†. #ROSÃ‰ #ë¡œì œ",allurelove_rose,1533824635845849088,J,"Courage is what it takes to stand up and speak, it's also what it takes to sit down and listen.",bysbydety,2022-10-16,2022-10-16 04:30:00,04:38:31
2022-10-16 04:38:46,retweeted,RT @daddycitaof: i work this sh*t like i grew it ğŸ¤ª https://t.co/BIHvpVFvw8,1328751155959087104,daddycita if ya nasty,"(they/them/daddy/mama) your auntieâ€™s favorite switch. ğŸŒˆ 18+ NSFW || no meetups, no dms (unless you wanna pay my bills) âœŒğŸ½ + ğŸ±",daddycitaof,1461223535565852672,Little Mairmaidâ™“DL LESBIAN,"BiğŸ‘©â€ğŸŒ¾, love gay, pegging, lesbiens, Threesome, side Chick for (woman + couple),mature women, trans, family incest....",blue_intuition,2022-10-16,2022-10-16 04:30:00,04:38:31
2022-10-16 04:38:46,retweeted,RT @moisturizednerd: patriarchy and the porn industry ruined peopleâ€™s perception of intimacy. i work in labor and delivery and seeing fatheâ€¦,72163535,s ğŸ‡µğŸ‡·,viva el caribe libre |ğŸ‘©ğŸ½â€ğŸ”¬| leo| â˜­,moisturizednerd,1480469567172448256,"ğŸŒ» pretty, petty & proletariat â˜­","I tweet what I like & I like Black feminism, communism, complaining & being a hater. she/her (25).",_sinenhlanhla_,2022-10-16,2022-10-16 04:30:00,04:38:31
2022-10-16 04:38:47,replied_to,@TheGoldenRogue Jsjssjsj I figured if I made it more 'skin' toned itd work best uwu,3017843840,Jay Spirit,everyone calls me a teddy bear so I became one.,TheGoldenRogue,1481944376276578310,|ğŸ”Lewd TsuğŸ”| OF Pinned,"Couldnt wait to see your mommy~? so naughty~

Main- @tsukkinara

Tips More than appreciated ğŸ¥´

DM for sell menu",Tsuk_alt,2022-10-16,2022-10-16 04:30:00,04:38:31
2022-10-16 04:38:47,,I need a deadline to complete my any work without it I just procrastinate.,,,,,841935483798212609,Ratnesh,"I accept bribes.
Who reads these anyways?",ratnesh03079,2022-10-16,2022-10-16 04:30:00,04:38:31
2022-10-16 04:38:47,retweeted,RT @ComplexSneakers: .@SweetHandsPlant is boxing in boots inspired by the â€œFreddy Kruegerâ€ Nike SB Dunks. Work by @TheShoeSurgeon. #WilderHâ€¦,39440317,TheShoeSurgeon,"Dominic Chambrone, creator + maker",TheShoeSurgeon,3318852168,ğŸ˜‚AyeJayğŸ‘‘,â€œcelebrate every day like a Birthdayâ€          ğŸ¥Youtuber -@KingdavisNC ||,KingDavisNC,2022-10-16,2022-10-16 04:30:00,04:38:31
2022-10-16 04:38:46,retweeted,RT @_CoachJmac: LOVE these Fellas!! They Grit they teeth and just WORK!! Great Team Battle tonight! #6-0 ğŸ¸ğŸ˜ˆğŸ¦ https://t.co/QAeMWbHqAL,4763681113,JaMarkus McFarlandğŸ¦ğŸ˜¤,TCU Defensive Line Coach |  #DFWBig12Team #GoFrogs,_CoachJmac,785565246312284160,Coach Bone,Monroe College Defensive Line Coach #JuCoProduct,coachbone_,2022-10-16,2022-10-16 04:30:00,04:38:31
2022-10-16 04:38:46,,"SHOUT to My Boi @FrostyDeGoat  he a Legand Congrats on a 1,000Twitch Subs man you deserve it with how hard you work at your job and still Managing to have a banger stream with a W Community man ur amazing Stay Blessed Plz never Change KingğŸ’œğŸ‘‘ Congrats Again Love ya BroskiğŸ’ªğŸ’œ",794386761547939840,FrostyTvz,24| Competitive player| |Frosty| Affiliated Streamer! #FrostyFam|,FrostyDeGoat,751147168543543296,#Rhino IE,"PROUD MEMBER OF : 
COD COMP: MAIN AR/SMG OBJ
TWITCH: X_Rhinoo_X
YOUTUBE: Rhino(Aerify Gaming)
iG: Rhinoo
Age: 22
Rhino",xRhinoox,2022-10-16,2022-10-16 04:30:00,04:38:31
2022-10-16 04:38:46,retweeted,RT @tomonbebe6: Yunhyeong - LOL heâ€™s literally the perfect human. He knows how to balance himself so well with work and life. He takes theâ€¦,866397160035823616,Rie ~,,tomonbebe6,1363413699965247488,Bree,Just me,Bree09315097,2022-10-16,2022-10-16 04:30:00,04:38:31
2022-10-16 04:38:47,retweeted,"RT @01Btsxarmy1: BTS only have ARMY,if not us then who will vote? ğŸ˜¢ Teamwork makes the dream work right? We still have time to take the leaâ€¦",1238783007881752576,ARMY VOTING TEAMâ·,AVT | Fanbase affiliated to BTSxARMY VOTING TEAM (@01btsxarmy) | Fan Account | @BTS_twt | turn on ğŸ”” for reminders,01Btsxarmy1,1172088944940310528,Canâ·`â¹ | JimtoberğŸ¥| Twicetober ğŸ’—,#ë°©íƒ„ì†Œë…„ë‹¨ + #íŠ¸ì™€ì´ìŠ¤ | fan account ğŸ­ğŸ’œ | apobangponeamillionğŸ’œğŸ’—,MySerendipty_,2022-10-16,2022-10-16 04:30:00,04:38:31
2022-10-16 04:38:47,retweeted,"RT @01Btsxarmy1: BTS only have ARMY,if not us then who will vote? ğŸ˜¢ Teamwork makes the dream work right? We still have time to take the leaâ€¦",1238783007881752576,ARMY VOTING TEAMâ·,AVT | Fanbase affiliated to BTSxARMY VOTING TEAM (@01btsxarmy) | Fan Account | @BTS_twt | turn on ğŸ”” for reminders,01Btsxarmy1,1276788857740996610,rinâ·(semi ia),"OTâ·||To lose your path,Is the way to find that path #BTS||Fan Account||Humanâ™¡ï¸mostly RTâ™¥ï¸",DarkandWild7_,2022-10-16,2022-10-16 04:30:00,04:38:31
2022-10-16 04:38:47,replied_to,@WolfOfWalletSt Thanks for your kind words my friend âœ¨ï¸,1564003978874077186,wolfofwalletst.eth ğŸº,Wandering around the Wild Wild West of web3 | Writing a thread everyday 8/90 | $1k to $10k crypto investing challenge (-$27),WolfOfWalletSt,1468443406250950656,Cj Z ğŸ¯,"Sharing ideas on Web3, NFT & Creator Mindset  ğŸ§µ  |  Mission to 50k friends ğŸ«‚  |  Building AI products at backstage ğŸŒ  |",cj_zZZz,2022-10-16,2022-10-16 04:30:00,04:38:31
2022-10-16 04:38:46,,Check out our research work entitledâ€ Direct-Grown Helical-Shaped Tungsten-Oxide-Based Devices with Reconfigurable Selectivity for Memory Applications.â€ It is now released on  https://t.co/p2NRXACpj6 #mdpijlpea via @MDPIOpenAccess #NAU #semicondcutor #NorthernArizonaUniversity,251800979,MDPI,"A pioneer in scholarly, open access publishing, MDPI has supported academic communities since 1996.",MDPIOpenAccess,1226415124027625473,Ying-Chen Chen,"Assistant professor @NAU, research focus on semiconductor, memory and electronics",YingChenChen4,2022-10-16,2022-10-16 04:30:00,04:38:31
2022-10-16 04:38:42,replied_to,@Jenene Thanks @Jenene - I know you have done a lot in the LC space in NZ and I really appreciate it. I wish I wasnâ€™t in this position but itâ€™s just the way it is.,15053649,Jenene Crossan,"The seas are wild all around me, but I am the beach, not the waves. Standing peaceful in chaos. Holding the courage to keep pursuing my true self. NgÄi Tahu",Jenene,1506693203159703552,Daniel Paul,I used to be a regular guy. Then I got #LongCovid. Now each day is a struggle to survive. #FBLC,GayKiwiDan,2022-10-16,2022-10-16 04:30:00,04:38:31
2022-10-16 04:38:45,replied_to,"@Da1LoNelyStOneR Likewise. Great minds do think alike huh. :) Thank you! You do the same. IM OFF FOR NEXT 3 DAYS! Yah! 
(Honestly, Ill be over it by tomorrow, though and by day two I'll be ready go back to work shhhh! Don't tell anybody I work with though) https://t.co/G9F6bMZehM",934512128706465792,LiL' Miss No Name ğŸ¦‹,Healing yourself can be offensive to people who benefited from your brokenness. ğŸ’«ğŸ’—,Da1LoNelyStOneR,2153898474,I'll be ur Sunshine,"Patience is a virtue. The moon & sun learned long ago that, if each patiently waited its turn, they both have a chance to shine! For the 1st time I know what it",IllSunshine,2022-10-16,2022-10-16 04:30:00,04:38:31
2022-10-16 04:38:46,replied_to,"labor-union activities to James Jesus Angleton, the CIA's counterintelligence chief, in order to undermine Communist influence in the international union movement and provide intelligence to the US government. He remained there until 1963 when he became director of the AFLâ€“CIO's",465193714,DCPetterson,"Newly retired. Still a novelist, software consultant, guitar, keyboards, esoteric religion, and weird stuff. Author of Lupa Bella and A Melancholy Humour.
I/me.",dcpetterson,1179464402791219206,David Cranmer Underdown,,DavidCranmerUn1,2022-10-16,2022-10-16 04:30:00,04:38:31
2022-10-16 04:38:45,retweeted,RT @dcpetterson: The difference between group #1 and group #2 is that none of the ones in group #2 broke any laws. I guess you don't undersâ€¦,465193714,DCPetterson,"Newly retired. Still a novelist, software consultant, guitar, keyboards, esoteric religion, and weird stuff. Author of Lupa Bella and A Melancholy Humour.
I/me.",dcpetterson,741052320989880320,THEE dr. emigre80ğŸŒ»ğŸŒ»ğŸŒ»ğŸŒ»ğŸŒ»,"history, politics, prog rock. goodbye Kentucky, hello Colorado!

everyone has a story. here's mine: https://t.co/5LReAMfUvKâ€¦",emigre80,2022-10-16,2022-10-16 04:30:00,04:38:31
2022-10-16 04:38:45,replied_to,@Maggarooo we miss you so @Maggarooo https://t.co/h1vrmLDZlh,1021204587154268161,ğŸ¾MaggieğŸ¾ğŸŒˆğŸ˜‡,"Iâ€™m a sweet, goofy lab mix. I love belly rubs, car rides, and pretty flowers. My best friend is a big squeaky chicken. Also, sometimes my lip gets stuck.",Maggarooo,800349914,Kim A Flick MIM,Entrepreneur Advocate |  Social Enterprise Devotee | Volunteer | Animal Rescuer | Support the Dismantling of Systemic Racism | Carpe Diem for Greater Good,mimkimpdx,2022-10-16,2022-10-16 04:30:00,04:38:31
2022-10-16 04:38:45,replied_to,"@AmxAmxahmed1 You have amazing work.
Feature it on @globalnft02",1488033991869734920,NFT VISION,"On a mission to empower the digital creators ğŸ¤.
Selling out NFT projects ğŸ’¸.
Supporting NFT artists @wildsportsbets
DM for inquiries and paid promotions ğŸ“©.",Globalnft02,1574368199139004416,Elijah,,Elijah95743018,2022-10-16,2022-10-16 04:30:00,04:38:31
2022-10-16 04:38:45,quoted,What!??! The company that has been shit on constantly by staff thatâ€™s left it has a toxic work environment? Iâ€™m absolutely shocked. https://t.co/RwRziUJCLh,799702068,Kdin Jenzen,Twitch's Winter Werewolf #ENVTuber | Icon by @HeiressZiodyne | #VoiceActor #RWBYIQ #GenshinImpact | Rep: @CESDTalent | ğŸ³ï¸â€âš§ï¸ She/They | ğŸ“§ JenzenKdin@gmail.com,KdinJenzen,1581497832283971584,FuckRoosterTeeth,,FuckRTandAH,2022-10-16,2022-10-16 04:30:00,04:38:31
2022-10-16 04:38:44,retweeted,"RT @01Btsxarmy1: BTS only have ARMY,if not us then who will vote? ğŸ˜¢ Teamwork makes the dream work right? We still have time to take the leaâ€¦",1238783007881752576,ARMY VOTING TEAMâ·,AVT | Fanbase affiliated to BTSxARMY VOTING TEAM (@01btsxarmy) | Fan Account | @BTS_twt | turn on ğŸ”” for reminders,01Btsxarmy1,1301248765311950848,Terssâ·,BTSğŸ’œ,losb7j,2022-10-16,2022-10-16 04:30:00,04:38:31
2022-10-16 04:38:44,replied_to,"@Bravo_irl Would get off work, go to mcds, get a 40 piece two large fry. Eat 20 and both fries, then refrigerate the leftover 20 to eat for breakfast",1020017158829629446,OUFZ | Bravo @ the Studio,Atlanta film director | 20 | ğŸ‡¨ğŸ‡· pura vida ğŸ‡§ğŸ‡´ | priv @bravoatnight,Bravo_irl,3392283856,Mason,"co-creator of @whirlpoolcomics |
old/personal acc: @MildlyPersonal | inquiries: mildlymildyt@gmail.com",MildlyMildtv,2022-10-16,2022-10-16 04:30:00,04:38:31
2022-10-16 04:38:44,retweeted,RT @AngelPhatass: Naked at work ğŸ«£ https://t.co/IoH2aXD5Ch,1097171421544046594,Ruâ›…ï¸ â™¡,18+ only â™¡ 26 â™¡ latina milf â™¡ ur virtual girlfriend â™¡ subscribe to chat w me â™¡ no snap â™¡ partnered/solo drÃ¶pbÃ¶xes & solo Ã¶nlyfanz only,AngelPhatass,1129246811074506752,YHNLurrono,I love nudity ğŸ˜ğŸ˜,damnshefineasl,2022-10-16,2022-10-16 04:30:00,04:38:31
2022-10-16 04:38:44,replied_to,"@MagicEden You should think about how to don't list scam, don't deploy funcionalities about royalties..  waste your develop team time making utilities things! Your role in this market is just list NFT and get money for each sell, don't lost your focus, or will die for other mktplace.",1433121559057559555,Magic Eden ğŸª„,"The hottest cross chain NFT platform on SOL / ETH 
Bae: @coralcubenft  Son: @TheMagicDAO",MagicEden,201240417,mddcrypto,,bdias1990,2022-10-16,2022-10-16 04:30:00,04:38:31
2022-10-16 04:38:45,retweeted,RT @PO_GrassRootM: BREAKING: Two INEC staff are held in police custody for doing their work in IMO State as we speak. INEC staff are underâ€¦,1344387565777014786,Peter Obi Grassroots Mobilization.,This The Official Page For H.E @PeterObi Grassroots Mobilization 2023 Movement We Operate At The Grassroots Levels As Well As Online And Offline.,PO_GrassRootM,1554911859823738880,Testimony ihechiluru,"*God*
*Family*
*Industrial Chemist*
*Relationship*
*Chelsea fan*",TIhechiluru,2022-10-16,2022-10-16 04:30:00,04:38:31
2022-10-16 04:38:43,retweeted,"RT @UKandEU: ğŸ“ˆ ""The public is now much more likely to associate migration with economic health than decline: 53% believe that migrantsâ€™ skiâ€¦",2999447739,UK in a Changing Europe,An award-winning academic thinktank. We are the authoritative source for independent research on UK-EU relations. RTs not endorsements.,UKandEU,63551269,Robot ArchieğŸ‡ªğŸ‡ºğŸ’™,If you think you understand something then you're probably not standing far enough away from it.,RobotArchie,2022-10-16,2022-10-16 04:30:00,04:38:31
2022-10-16 04:38:43,retweeted,"RT @AbhishBanerj: A ""journalist"" from India is currently being trained as a lobbyist in USA on some kind of crony fellowship

To understandâ€¦",797673785268715521,Abhishek,"Author, columnist. Views personal, Columns @Opindia_com  @CNNNews18 @firstpost",AbhishBanerj,1378328622763667465,o_hell_o,,9K0P7ufRM4kZJgF,2022-10-16,2022-10-16 04:30:00,04:38:31
2022-10-16 04:38:43,retweeted,"RT @01Btsxarmy1: BTS only have ARMY,if not us then who will vote? ğŸ˜¢ Teamwork makes the dream work right? We still have time to take the leaâ€¦",1238783007881752576,ARMY VOTING TEAMâ·,AVT | Fanbase affiliated to BTSxARMY VOTING TEAM (@01btsxarmy) | Fan Account | @BTS_twt | turn on ğŸ”” for reminders,01Btsxarmy1,1572027369187344387,Lolje,,Lolje12Lolje,2022-10-16,2022-10-16 04:30:00,04:38:31
2022-10-16 04:38:43,quoted,So true the critical importance of workplaces responding to #dv Human services workforce have high numbers of workers with lived experience @safer_families @Kate_Jenkins_ @Kate_FitzGibbon https://t.co/3EatyyHE3n,133088682,Safe and Equal,Safe and Equal (formerly DV Vic and DVRCV) is the peak body for specialist family violence services in Victoria.,safe_and_equal,981860922,Cathy Humphreys,"#domesticviolence #childabuse #vaw #dfv
@unimelb.edu.au @unimelbMDHS",ProfCHumphreys,2022-10-16,2022-10-16 04:30:00,04:38:31
2022-10-16 04:38:42,retweeted,RT @MimiVixx: Thanks so much for stopping by tonight me stream! Passed on the love to IronHide154. I cannot express my appreciation for youâ€¦,921490407304974336,Mimi_Vixx,"Heyo, everyone. Iâ€™m an aspiring artist, gamer, and variety streamer. Nice to meet you!",MimiVixx,1321337662381395968,Lil Tacos,Small streamer on Twitch ğŸŒ® main game is APEX,ItsLilTacos,2022-10-16,2022-10-16 04:30:00,04:38:31
2022-10-16 04:38:43,quoted,What a toxic and vile thread. Successful marriages require hard work &amp; sacrifice ... things people like Joanna clearly aren't/weren't willing to do https://t.co/H2hrO12HAW,312102273,joanna schroeder,"Writer, editor, media critic focused on gender & parenting. Mom of three. Famously unfunny. Bylines: NYT, Vox, etc., coauthor of WSC toolkit in pinned tweet.",iproposethis,1519556943907463170,Anti-Squish ğŸ‡ºğŸ‡¸,Beep/bop/boop | Rom 5:8 | Conservative 1A/2A Patriot | Hubby & father | DWphile + LOTR HP + â˜•ï¸ ğŸº ğŸ¥ƒ  | Don't underestimate Joe's ability to f*** things up,slashapu81,2022-10-16,2022-10-16 04:30:00,04:38:31
2022-10-16 04:38:42,retweeted,"RT @dailytre4sure: Mashiho and yedam trained the longest, they work hard for years to achieve their dreams. It's not like they went on hiatâ€¦",1058712586793807872,ysa ğŸ¤™ğŸ» | STREAM HELLO! âœ¨,this account is dedicated for my solace and everything. ğŸ«¶ @treasuremembers YG STAN | ğŸ†”,dailytre4sure,1337076278160097281,trish ğŸ‡µğŸ‡­,multi | stan & personal,treasurestrsr,2022-10-16,2022-10-16 04:30:00,04:38:31
2022-10-16 04:38:42,retweeted,"RT @williambowerman: Happy @BLACKPINK day. 
Had the great pleasure of composing and producing the intro music, all act interludes, solo intâ€¦",1273850774380883975,BLACKPINKOFFICIAL,BLÎ›Æ†KPIĞ˜K,BLACKPINK,1527696690748194817,jeroo,,byreneth,2022-10-16,2022-10-16 04:30:00,04:38:31
2022-10-16 04:38:42,replied_to,@TrustInSteven @LakeShowYo do you not understand how cycles work ? Tyson fury exhibits clear signs of PED use little kiddy sorry for ruining your dreams of the gypsy kingâ€¦ He popped for nandrolone multiple times in his past he lost his credibility and had to leave boxing cause of itâ€¦,3177285932,LakeShowYo,"Featured on ESPN, TNT, Bleacher Report, and more. Merch ğŸ‘‡",LakeShowYo,1886715914,DxNolimit3.0,,DxNolimit30,2022-10-16,2022-10-16 04:30:00,04:38:31
2022-10-16 04:38:43,retweeted,"RT @jk_rowling: I'll never know anyone remotely like Robbie again. He was an incredible talent, a complete one off, and I was beyond fortunâ€¦",62513246,J.K. Rowling,Writer sometimes known as Robert Galbraith,jk_rowling,1305749750025658369,Huiyi,,Hyi_01,2022-10-16,2022-10-16 04:30:00,04:38:31
2022-10-16 04:38:42,replied_to,"@pxsimonz @TomPark1n Typical Collie, so grumpy when they're left alone all day. Needs some work to do or maybe a walk? https://t.co/de3njZHIDe",1964734532,Tom Parkin,Columnist and commentator with a bluntly social democratic point of view,TomPark1n,1271180314140749824,Marshall Tindall,"Hi! Iâ€™m probably off somewhere learning a new instrument or playing video games. ATA member/teacher, but my opinions and statements are my own. He/him.",marshtindall,2022-10-16,2022-10-16 04:30:00,04:38:31
2022-10-16 04:38:42,replied_to,@nrnmarie No worriessssssss babuuuuu! I hope school will burn- i mean ease up for youuu soonnnnğŸ’™ğŸ’™ğŸ’™ hope you get enough rest and stay hydrated marieeeeee,1252778435455246336,Marie ğŸŠ,local moldy orange | artist | 20+ | Hive ğŸµï¸ | married to @maximuz00 ğŸğŸŠ | 2434 ENã€ğŸ–‹ï¸ âœ§ ğŸ•Šï¸ğŸ âœ§ ğŸ”®ğŸŒŒã€‘| business âœ‰ï¸: nrnmarie0@gmail.com,nrnmarie,1513040073142378503,TsukiSuna ğŸ–‹ï¸,"I'm 25
This acc will have random stuff but mostly me simping over a certain blue  novelist Ike Gooseland, hjonk.
i might repost 18+ stuff.",TsukiSuna21,2022-10-16,2022-10-16 04:30:00,04:38:31
2022-10-16 04:38:42,replied_to,"@KathleenGanley You can't unite if you keep putting people in different categories............. Real people know what's right and wrong and don't need to be told by politicians. Leadership, action and results will give us the answers. Don't wast time stating the obvious. DO SOMETHING! #work",3255042949,Kathleen Ganley,MLA for Calgary-Mountain View on @RachelNotleyâ€™s Team - Energy critic,KathleenGanley,2998837716,Senseless Live,Live deep house / electronic act  focusing on underground dance music with Live elements! http://t.co/gvTlKwt67K https://t.co/FUHgrKVhRV,SenselessLive,2022-10-16,2022-10-16 04:30:00,04:38:31
2022-10-16 04:38:41,retweeted,"RT @Parvati46292737: Calm Your Mind with 
#AsharamjiBapuQuotes these quotes work as 
Daily Dose in our life
Thoughts of Sant Shri Asharamjiâ€¦",1554679763888771072,Parvati,Teacher,Parvati46292737,1550365514278457344,Guru kripa,sadev sam aur prashan rahana ishwar ki sarvopari bhakti hai,JyotiKanha2101,2022-10-16,2022-10-16 04:30:00,04:38:31
2022-10-16 04:38:42,replied_to,@aesify itâ€™s not that good the warp on the hand bugs me a lot but twixtor and hands never work well tgt for me ğŸ’€ğŸ˜­ IDK i donâ€™t think i do anything specialâ€¦ i change image prep to contrast and warping to inverse + smart blend..? other than that itâ€™s pretty standard i feelâ€¦,1422606042052145155,â˜†,,aesify,1449203943687348229,ğŸŒ«,karina over everything | edits in moments,vonsre,2022-10-16,2022-10-16 04:30:00,04:38:31
2022-10-16 04:38:41,replied_to,"@AtelierRann People are going with the mentality of someone do a bad thing then we should hurt everyone that works on that.

Platinum should be more respectful to her for sure, but she is actively damaging (potentially) the work of many people that had nothing to do with that decision.",920336946441981953,Atelier Rann~ #Bayonetta3,"Mostly this account is to post my own gaming screenshots.
I like what I like.
#Jrpgs
ğŸ‡¬ğŸ‡§ğŸ‡ªğŸ‡ºğŸ‡ªğŸ‡¸ğŸ³ï¸â€ğŸŒˆ",AtelierRann,67779955,Oscar Granda,Hola,soragranda,2022-10-16,2022-10-16 04:30:00,04:38:31
2022-10-16 04:38:42,replied_to,"@LuffySoldier888 @Zane_NFTs_Web3 You have amazing work.
Feature it on @globalnft02",1488033991869734920,NFT VISION,"On a mission to empower the digital creators ğŸ¤.
Selling out NFT projects ğŸ’¸.
Supporting NFT artists @wildsportsbets
DM for inquiries and paid promotions ğŸ“©.",Globalnft02,1574368199139004416,Elijah,,Elijah95743018,2022-10-16,2022-10-16 04:30:00,04:38:31
2022-10-16 04:38:41,retweeted,"RT @HusseinMohamedg: Mr President @WilliamsRuto, Iâ€™m grateful &amp; humbled by the honour you have bestowed upon me to serve as StateHouse Spokâ€¦",333935142,"William Samoei Ruto, PhD",President of The Republic of Kenya.,WilliamsRuto,1728312060,Nick Kamencu,"Child of God,
Eng at Abbey Construction co. ltd,
Direction is more important than Speed, âœŒ Proudly ğŸ‡°ğŸ‡ªğŸ‡°ğŸ‡ªğŸ‡°ğŸ‡ª @Liverpool. William Ruto Diehard.",nick_kamencu,2022-10-16,2022-10-16 04:30:00,04:38:31
2022-10-16 04:38:40,quoted,"Her long curly strawberry blonde hair bounced as she walked along with him. A hand coming up to their hair and scratching her scalp then their opposite arm.

 â€œ you really think itâ€™ll work for a big dog like me? Am I required to be bathed by you?â€ https://t.co/KbMejZwXZ3",1299533449598914563,â€ â€ Â­ğğğ–ğˆğ„.,â €â €â € â €â €â € â €â €â € â €â €â € â €â €â € â €â €â € â €â €â € â €â €â € â €â €â €,plutopolis,1550915141839069188,XANDER,â €â €â €â €â €â €â €â €â €â €â €â €â €â €â €â €â €â €â €â €â €â €â €â €â €â €â €â €â € â €â €â €â €â €â €â €â €â €â €â €â €â €â €â €â €â €â €â €â €â €,PIPEZIS,2022-10-16,2022-10-16 04:30:00,04:38:31
2022-10-16 04:38:40,retweeted,"RT @AFinnstark: Hi #PortfolioDay, i'm Anato and i paint fantasy stuff, i work for Magic The Gathering and many other clients ! https://t.coâ€¦",1084729783337041920,Anato Finnstark ğ’‰­ Official,Illustrator ( mtg artist ),AFinnstark,1025614261580648448,Dan,INFP-T guy who RTs too much. I love heavy metal & videogames. Sometimes I write. 18+ Only. Pfp is my OC Mesa drawn by @Sonicopi_. Banner by @JoeLongBalls.,HEARTISBLAZING,2022-10-16,2022-10-16 04:30:00,04:38:31
2022-10-16 04:38:38,retweeted,"RT @Nibellion: Ex-Bayonetta voice Hellena Taylor says she was offered $4000 for her work in Bayonetta 3, leading to her dropping out of theâ€¦",591672691,Nibel,Tweeting about videogames and more,Nibellion,1367135897691512841,NEWX7,,NEWX71,2022-10-16,2022-10-16 04:30:00,04:38:31
2022-10-16 04:38:40,replied_to,"@Etobicoreps @awudrick Lies. Emergency services could get through. Protestor liason Tom Marazzo, worked closely with police to ensure that there was a lone open at all times. &amp; you would know about 911, because I guess you work for them right? Uber eats was working just fine as receipts prove this.",16434993,Aaron Wudrick ğŸ‡¨ğŸ‡¦,"Director, Domestic Policy Program @MLInstitute",awudrick,1485487618657636355,Joanne Soullie,retired teacher,bytheappletree,2022-10-16,2022-10-16 04:30:00,04:38:31
2022-10-16 04:38:40,replied_to,"Two questions motivated us: (1) how come structures of full-length apo-sigma70 are not available (to the best of our knowledge), despite the myriad of RNAP-bound sigma-70 structures in the PDB? (2) what in apo-sigma70's structure inhibits its high affinity DNA binding?",1355224137690734597,Taylor Swift Updates ğŸ•°,Fan account dedicated to Honorary Doctorate Degree recipient Taylor Swift. Here to provide fans with updates on the 11x Grammy award-winning singer-songwriter,swifferupdates,706744421224546305,EitanLernerLab,"Researcher, Surfer

Fascinated by the structural dynamics of biomacromolecules and its potential importance in biological function

Opinions are my own",eitan_lerner,2022-10-16,2022-10-16 04:30:00,04:38:31
2022-10-16 04:38:41,retweeted,"RT @swifferupdates: Swifties! Reply below with your #AMAs Artist of the Year votes - the results are very close so far, letâ€™s work to extenâ€¦",1355224137690734597,Taylor Swift Updates ğŸ•°,Fan account dedicated to Honorary Doctorate Degree recipient Taylor Swift. Here to provide fans with updates on the 11x Grammy award-winning singer-songwriter,swifferupdates,1560172258269638657,TrÆ°Æ¡ng Quang Triá»u,"you drew stars around my scars, but now I'm bleeding.",qngtrr,2022-10-16,2022-10-16 04:30:00,04:38:31
2022-10-16 04:38:40,replied_to,@Ms_MMMJ At 7pm I've changed from my work pjs into my evening pjs and comfortable on the couch with dinner. https://t.co/xOk1Ejj6Vu,558773626,âš–ï¸ ğŸ’›ğŸTHEE Most Passionate TwistğŸ‡±ğŸ‡¨ğŸ‡ºğŸ‡¸,"June 24, 2022 Never forget ww. 
 ğŸ—³ï¸  
No tolerance for your bullshit.
Voting blue in a red state.
If my tweets make you mad, that's a you problem Puddin'.",Ms_MMMJ,1405638010331275265,Little Italy FotografiağŸ“·,"#BidenHarris, ClemsonğŸ§¡ğŸ¤ Biochemist,Travel,Food,PhotographyğŸ“·, #blacklivesmatter #VoteBlue
#ElectionsMatter
https://t.co/U3e57aeFVd",LittleItalyPics,2022-10-16,2022-10-16 04:30:00,04:38:31
2022-10-16 04:38:41,retweeted,"RT @kuriathan: Full character model of Seuraka's Varjulus. Always a pleasure to work on MonHun content, kind of a comfort zone at this poinâ€¦",1122153300940480513,Kuriathan,"Aspiring 3D artist | General anthro character art, some size trash | Won't post NSFW, but might fave some. | Pfp by: @astrobelisk | (Comms currently closed)",kuriathan,192344801,"I just like your paws, ok?","Tabletop Host, Manager, Bird. Shamelessly thirsty yet civil, Intolerant of Intolerance. ğŸ”",Tinytig,2022-10-16,2022-10-16 04:30:00,04:38:31
2022-10-16 04:38:40,replied_to,@emssniperjay Man you know who Iâ€™m waiting to see!!,1319508226350714881,jay ğŸ¸ğŸ’•,long live keal ğŸ’”.. corinthians 5:7ğŸ™ğŸ¿ #ksqaud4L ğŸ¯ 2 chronicles 7:14 â­,emssniperjay,1207145863593832449,RC3ğŸ„ğŸ¾â€â™‚ï¸,Defense back at kean University IG:iamroycrawford,iamroycrawford6,2022-10-16,2022-10-16 04:30:00,04:38:31
2022-10-16 04:38:40,retweeted,"RT @williambowerman: Happy @BLACKPINK day. 
Had the great pleasure of composing and producing the intro music, all act interludes, solo intâ€¦",1273850774380883975,BLACKPINKOFFICIAL,BLÎ›Æ†KPIĞ˜K,BLACKPINK,924543889393848320,KwonYan,"-gamer, a lover, and a kpoper-
A very proud YG ARTISTS stan! ğŸ¤™ğŸ¤™ğŸ¤™",KwonYanie,2022-10-16,2022-10-16 04:30:00,04:38:31
2022-10-16 04:38:39,,"HEY! Why aren't you working? We both know you're behind on 27 exams! What's holding you back? Stress, huh? Try taking a walk or  taking deep breaths. If that doesn't work click here for some more tips: https://t.co/cba1ENUNs5 https://t.co/e4q2G6TFrN",,,,,1448090344789250055,Semi-Sympathetic College Motivation Bot,Hi! I'm a semi-sympathetic bot created to motivate college students to catch up on their workload.,BotSemiSympath,2022-10-16,2022-10-16 04:30:00,04:38:31
2022-10-16 04:38:39,retweeted,RT @jrjresq: im going to work in 15 minutes can yall take care of him and make sure his clothes stay on https://t.co/EXZopi1Iua,1295048768958734350,joonya,"28 

bad art do not look

pfp by @slowmilanesa
banner by @grapeschitz",jrjresq,1460274518749233153,Clykos,Hi I'm Clykos or You Can Call Me Cly | He/Him | Bi | 18 | Multifandom | SFW but Might Retweet suggestive stuff,Clykos_,2022-10-16,2022-10-16 04:30:00,04:38:31
2022-10-16 04:38:39,retweeted,RT @JerronK_: This what happened to my manz at work today. Yo please listen to this ğŸ˜­ğŸ˜­ğŸ˜­ğŸ˜­ğŸ˜­ğŸ˜­ğŸ˜­ğŸ˜­ğŸ˜­ğŸ˜­ğŸ˜­ no bro https://t.co/24WrCe9fFc,772184387530227712,JK,4DBğŸ’°ğŸ–¤|,JerronK_,2954567587,scam newton ğŸ’³,im just here to lie & laugh,Indigoiiism,2022-10-16,2022-10-16 04:30:00,04:38:31
2022-10-16 04:38:37,retweeted,"RT @PbsKidsArchives: Here are sneak peaks for TWO NEW PBS Kids shows, Work It Out Wombats and Mashpolis (or maybe it's going to be known asâ€¦",1541586272262803457,PBS Kids Archives,"A project finding every PBS Kids content and schedule. Not associated with PBS Kids nor PBS.
DISCORD SERVER: https://t.co/Rg9C7OGn2Q",PbsKidsArchives,881705616598646784,WM Gi industries production,I like trains and trash trucksğŸš‚ğŸš†ğŸ›¤ï¸ğŸš›,Sheldon22774120,2022-10-16,2022-10-16 04:30:00,04:38:31
2022-10-16 04:38:39,replied_to,"@offroadranger6 @ajtourville If you can drive 5 hours straight, and save+x the cost of entire rig on fuel ... What if you bought 2-3 rigs, and station them 300-400 miles apart, and just swap trailers every 5 hours ... Might still work out ahead ğŸ¤£",874776246592430080,ALEX,Physics engineer here for the progress of disruptive innovations and ventures.,ajtourville,28315901,ğŸ§Š Brant Wedel,,bitbased,2022-10-16,2022-10-16 04:30:00,04:38:31
2022-10-16 04:38:39,replied_to,@ChipsNBeanDip Whhaaa Hugh thank you so much againn!!! cant wait to work on Hugh's other emotes &gt;.&lt;,1547623747426742272,totallynothugh | ENVtuber,ENVTuber | He/Him | Twitch Affiliate,ChipsNBeanDip,1378470068070215684,ãƒŸãƒ¢ MIKUMONAA | commission open,"Mambabarang na Manika (Witch Doll) VTuber | ğŸ‡µğŸ‡­ | 

ğŸ’@kuharaa_
â˜† Commss (Open) Info https://t.co/92TskKH31a
â˜† Art Tag : #MikumonART
ãƒãƒ: @/NanasPena",mikumonaa,2022-10-16,2022-10-16 04:30:00,04:38:31
2022-10-16 04:38:39,,#humblethoughts my friends and I are the most humble ppl ever! We love to dress and drink well! We work 9 days a week! #workhardplayhard oh yeah today is #sweetestday for Ohio &amp;  Michigan! No Bud Light for us!,,,,,1229148411355713536,GALAGirl,"not left not right common sense independent,against all vaccines Always dress your best bc you dont know when u will run into your enemy #bitcoin #GALA #XLM",Sourine3,2022-10-16,2022-10-16 04:30:00,04:38:31
2022-10-16 04:38:39,retweeted,"RT @HusseinMohamedg: Mr President @WilliamsRuto, Iâ€™m grateful &amp; humbled by the honour you have bestowed upon me to serve as StateHouse Spokâ€¦",333935142,"William Samoei Ruto, PhD",President of The Republic of Kenya.,WilliamsRuto,1105089913643548673,purityğŸŒ¬,"ğŸ‡°ğŸ‡ªkenyan
Entrepreneur. make your kitchen  orders with me. doorstep deliveries",itspurity12,2022-10-16,2022-10-16 04:30:00,04:38:31
2022-10-16 04:38:39,retweeted,"RT @01Btsxarmy1: BTS only have ARMY,if not us then who will vote? ğŸ˜¢ Teamwork makes the dream work right? We still have time to take the leaâ€¦",1238783007881752576,ARMY VOTING TEAMâ·,AVT | Fanbase affiliated to BTSxARMY VOTING TEAM (@01btsxarmy) | Fan Account | @BTS_twt | turn on ğŸ”” for reminders,01Btsxarmy1,3477320354,Elsamd23,"Housewife, phlebotomist, doctor of medicine, baby BTS army, Jimin(bias)",ApostolElsa,2022-10-16,2022-10-16 04:30:00,04:38:31
2022-10-16 04:38:39,replied_to,@StockLizardKing I've just sent you my work which I've done for NFT projects.,1254968862120062983,lizard,building the future on @solana | founder {redactedâœ£} | core team @TheDegenU,StockLizardKing,2289709814,John ğŸ¤™ğŸ¿,"Graphics Designer/Animator/Web Developer/Trader/Gamer
Discord:Designerboyjohn#8898
Comms Open!!

Works at @Asolutionsofcl",Designerboyjohn,2022-10-16,2022-10-16 04:30:00,04:38:31
2022-10-16 04:38:39,replied_to,"@Unclecornpop @GmanPoker Clout or fame? I could care less lol, the fact that you have nothing better in life to do than dick ride garret all day on Twitter is depressing ğŸ¤¡ğŸ¤¡ğŸ¤£ğŸ¤£",2249443700,Garrett Adelstein,Joke of a poker player. Run too hot for it to matter.,GmanPoker,1075023895856537600,"PaperB,000,000,000y",poker,paperb00000000y,2022-10-16,2022-10-16 04:30:00,04:38:31
2022-10-16 04:38:39,,"Blob's kit is really starting to feel bad now

Main weapon feels better than it was in 2, but my God the kit

So either I keep using blob, or I work towards bringing special spam back into s3 so it becomes strong enough to knock the stuff blob struggles against out of the meta",,,,,1025791358458585088,Hydra_,19 y/old #ActuallyAutistic /Any Pronoun is fine/Comp Bloblobber player/pfp by @krasswithac,Hydra_zard,2022-10-16,2022-10-16 04:30:00,04:38:31
2022-10-16 04:38:39,replied_to,"@MMCrypto Dont missed this gems  @Proofofdegenbsc  next #100xGems 
Strong comunity here and based dev !!
chart : https://t.co/qZ4diJJxHD
website : https://t.co/nkw5XSi7Ot
Tg : https://t.co/OLH1E7KovJ

#ProofOfDegen #POD #BNB2 https://t.co/4z0HE9FFst",1579999824107122693,BNB2.0,"A Layer 1 BEP-20-based Proof of Work blockchain. More secure, more uptime, more transactions. Welcome to PODchain.

Not affiliated with ETH2.0

TG: https://t.co/vXsYRULHcV",Proofofdegenbsc,1534013556437397507,VinSmoke,.....,VinSmoke172,2022-10-16,2022-10-16 04:30:00,04:38:31
2022-10-16 04:38:36,retweeted,"RT @BigBossVette: The older I get the more I realize that everything really is that deep. The people you confide in, trust, date, become frâ€¦",1179784993150836736,Vette,Booking : bigbossvettebooking@gmail.com â€¢ IM A MFCKING RAPPER ğŸ—£,BigBossVette,1041838335927443456,Shanyia.,blessed,shanyiab_,2022-10-16,2022-10-16 04:30:00,04:38:31
2022-10-16 04:38:37,quoted,This is hilarious because they think Taylor gave Karlie a career when Taylor literally said she loved her for her work before she even met her lol https://t.co/c7Ia53IrJY https://t.co/nBVC8jp9aO,2362804241,taylor,I wish to know the fatal flaw that makes you long to be magnificently cursed.,sassygayroot,887552422620667904,isa ğŸŒ¼ğŸŒ,joe alwyn hot and sexy and talented and grammy award winning truthfully not rigged and lied about and musical genius and my one exception and can hit at anytime,third_polaroid,2022-10-16,2022-10-16 04:30:00,04:38:31
2022-10-16 04:38:36,replied_to,@_mmoonay You are hilarious ğŸ˜‚,801262365618618368,CinÃ©skank,pretzel hoarder & croc supporter. ğŸ’…ğŸ¾I rant/make films ğŸ¤·ğŸ¾â€â™€ï¸,_mmoonay,181868005,mocha & melancholy,America's Next Top Brooder | 26 | Traveler | Writer | Crab Leg Controller | Comedic Cynical Contrarian | Minder of my own business,RogueMoreaux,2022-10-16,2022-10-16 04:30:00,04:38:31
2022-10-16 04:38:36,retweeted,RT @NoOneUnscripted: @RonFilipkowski I'm sorry. This is an International Mr. Leather ad. He went to a gay leather store for that garb. I knâ€¦,1298372735383605249,Ron Filipkowski ğŸ‡ºğŸ‡¦,"Attorney, Marine, Triathlete, Historian. Fmr Fed Prosecutor & Repub; now Defense Att & Democrat. Track & Report on the Right-Wing. Seen on BBC, CNN, MSNBC, CBS",RonFilipkowski,1483314709,OmiğŸ‡ºğŸ‡¦ğŸŒ»,Proud Antifa. Black Lives Matter. Indigenous Rights. Anti-racism. Anti-fascist traitors stealing shit. Pro-science. Sober 11/9/16. Be kind. NO DMs please.,Pagooters,2022-10-16,2022-10-16 04:30:00,04:38:31
2022-10-16 04:38:37,retweeted,RT @_cnnnr: new texture work https://t.co/RComj8VS0D,4165680558,cnnnr,https://t.co/UFMArTPuGo + @shillrxyz,_cnnnr,1478319825361375234,pinkapewife.eth/tezğŸ•ŠğŸ™,pocketful of jpegs ğŸŒ¸ share art ğŸ–¼ğŸ¶ğŸ¨ğŸ“·ğŸ­âœï¸ banner x @rata_yonqui ğŸ”¥âš”ğŸ· galleries: https://t.co/dgYNDjMeia,pinkapewife,2022-10-16,2022-10-16 04:30:00,04:38:31
2022-10-16 04:38:36,replied_to,@argueztech @SamoFamCreative @alanefuller Linux is the king of tinkerability for sure.,28067607,Alan Fuller,"#WordPress plugin owner and developer @fullworkshq and weekend sail racer, pandemics permitting",alanefuller,1225690793580486657,Jovan Cicmil,"Author of: The Unstoppable Freelancer â¡ï¸ https://t.co/uFH7mADUst

Freelancer since 2011. Writer since 2019. Built & sold a company once.",CicmilJovan,2022-10-16,2022-10-16 04:30:00,04:38:31
2022-10-16 04:38:36,replied_to,"@Art0fLife_ No Iâ€™ve learned all my lessons frm him, He just keeps popping up on me and wonâ€™t let go, Doing spells work trying to destroy my life, Bcuz I refuse to go back to him.",1423201808202309634,Art of Life ğŸ¦‹,"Actionable insights on Life, Mastering your Mind and Becoming your best self.",Art0fLife_,1549005655012364288,DeeDee,,DeeDee3dh,2022-10-16,2022-10-16 04:30:00,04:38:31
2022-10-16 04:38:36,retweeted,"RT @Artspam_: A render i had lying around ;x 

if you like my work gib retweet https://t.co/Km6yzjVFSj",1020831062912618496,Artspam,High caliber degenerate. Abandon all your hope in humanity and obtain a new weird kink.,Artspam_,1497456367266795523,notreallythebest,coming soon..,menotbestboy,2022-10-16,2022-10-16 04:30:00,04:38:31
2022-10-16 04:38:35,retweeted,RT @LTCavBand: Busy week with great work and fun at @LakeTravisHS with the @LTCavBand https://t.co/U2jsAyp3oX,767195723163013120,LT High School,"We are the Cavalier Nation with a focus on producing excellence in academics, fine arts and athletics.",LakeTravisHS,617164238,Chris Ford,,cfjazie,2022-10-16,2022-10-16 04:30:00,04:38:31
2022-10-16 04:38:35,quoted,do i take itğŸ’€ https://t.co/9wKtVBXEcn,1242799225928327168,GiuseppeduroğŸ‡®ğŸ‡¹+ğŸ”,https://t.co/Cehfg8rDCM qui e vedrai di piÃ¹ tutti i miei video completi reali e eccitanti e goderai tantissimo ğŸ˜‹ğŸ˜‹ğŸ˜‹ğŸ˜‹ğŸ˜‹ğŸ‡®ğŸ‡¹,Giuseppeduro4,1581064604070957056,auds,elvis and austin enthusiast | she/her | also @cherrysswift,jailhousebutler,2022-10-16,2022-10-16 04:30:00,04:38:31
2022-10-16 04:38:34,retweeted,RT @Giuseppeduro4: ğŸ‡¬ğŸ‡§my boyfriend retires from work with a bad desire to fuck me like a slut in the proviso our friend arrived and they fucâ€¦,1242799225928327168,GiuseppeduroğŸ‡®ğŸ‡¹+ğŸ”,https://t.co/Cehfg8rDCM qui e vedrai di piÃ¹ tutti i miei video completi reali e eccitanti e goderai tantissimo ğŸ˜‹ğŸ˜‹ğŸ˜‹ğŸ˜‹ğŸ˜‹ğŸ‡®ğŸ‡¹,Giuseppeduro4,1546684748315115520,Robert Vasteros teran,,VasterosTeran,2022-10-16,2022-10-16 04:30:00,04:38:31
2022-10-16 04:38:35,replied_to,"@ryankumarnft @aeyakovenko @armaniferrante That would mean anytime the NFT is moved, the royalty must be paid, correct?",276810355,Armani ONE ğŸ’,"Co-founder @0xCoral. Building @xNFT_Backpack @anchorlang @wao_gg.

&mut self",armaniferrante,121616178,NINETâ“¨S (33.3%),Your average collector. Building @degenpicksXYZ with the best. FIWB.,NinetiesNFT,2022-10-16,2022-10-16 04:30:00,04:38:31
2022-10-16 04:38:34,replied_to,"by holding your strata token you get half the royalties.

by staking your strata token you get your proportional share of the other half.

The gist is that the hodlers should be the goddamn revenue machine. If you work the math there will be tiny inefficiencies in NFT prices

/x",727338733423464448,Respectful Memes ğŸƒ,#1 Source of Memes to show your Grandma!,RespectfulMemes,1534899723009769473,"jar dunnnnnnnn (cupcake, ğŸ§)",a bio lives here,progenit00r,2022-10-16,2022-10-16 04:30:00,04:38:31
2022-10-16 04:38:34,quoted,Me = ğŸ’€ (I work 2nd shift) https://t.co/JILYGoLPQV,727338733423464448,Respectful Memes ğŸƒ,#1 Source of Memes to show your Grandma!,RespectfulMemes,3386574460,â˜½ JD â˜¾,"Tales and dreams are the shadow-truths that will endure when mere facts are dust and ashes, and forgot. ~Morpheus, The Sandman #19: A Midsummer Night's Dream",flackjd,2022-10-16,2022-10-16 04:30:00,04:38:31
2022-10-16 04:38:34,retweeted,RT @dannyt67640496: @DanielsonKassa1 @PowerUSAID She is concocting something. Getachew was saying â€œwe need to give them something to work oâ€¦,1382337056412733443,Samantha Power,"Declan and RÃ­an's mom, ğŸ‡®ğŸ‡ª Immigrant, married to @CassSunstein, @USAID Administrator. Tackling COVID, climate change, corruption, humanitarian crises & more.",PowerUSAID,1556758631693144066,áˆ…á‹á‰¢ áŠ¥áŠ•á‹°áˆ­á‰³ á‹­áˆµá‹•áˆ­!!!,,Selamaw17003537,2022-10-16,2022-10-16 04:30:00,04:38:31
2022-10-16 04:38:34,retweeted,"RT @YetAnthrStudent: The worst slanders against the Prophet ï·º are not cartoons and non-muslim attacks, it's the work of early transmittersâ€¦",1521556970708385800,Yet Another Student,"ğŸ§”â€â™‚ï¸Hadith nerd. Building an opensource graph database of hadiths to analyze their isnads. ğŸ•¸ Follow the data not the ""scholars""",YetAnthrStudent,1557569299430182912,i hate it here,Leave me alome,imsotiredman123,2022-10-16,2022-10-16 04:30:00,04:38:31
2022-10-16 04:38:33,replied_to,@ivantoney24 Thatâ€™s terrible. All fans need to work together to end this crap.,1916815644,Ivan Toney,,ivantoney24,461875282,Jonathan Sarich,,JonathanSarich,2022-10-16,2022-10-16 04:30:00,04:38:31
2022-10-16 04:38:31,replied_to,"@GuitarsBongos LOL, it's okay. All words work. Plus complicit, which I think they are.",1124398711,Guitars and Bongos,"Record Label. Charlie Megira, Greg Ashley, Dancer, Sir Lord Von Raven, Naked Beast (Johnny Strike, Hank Rank and Joey Swails of CRIME)",GuitarsBongos,1291675508703453184,THEE Zenkus Watch,"Monitoring the Twitter activity of Adjunct Lecturer Anthony Zenkus and other various dirtbag fash ""leftists.""",ZenkusWatch,2022-10-16,2022-10-16 04:30:00,04:38:31
2022-10-16 04:38:32,,"Tell HN: Take care of yourselves this week https://t.co/uDfHQMvqjO 
2
I think we often forget to prioritize ourselves outside of our work and family commitments. This week, try being more selfish than usual. Say no more often than you normally would. Make an impulse buy. And soâ€¦",,,,,23367384,Keith Nelson,"Vistem Solutions, Inc. - Principal; Community Activist https://t.co/MC69JcQrrS",knelsonvsi,2022-10-16,2022-10-16 04:30:00,04:38:31
2022-10-16 04:38:31,retweeted,RT @moisturizednerd: patriarchy and the porn industry ruined peopleâ€™s perception of intimacy. i work in labor and delivery and seeing fatheâ€¦,72163535,s ğŸ‡µğŸ‡·,viva el caribe libre |ğŸ‘©ğŸ½â€ğŸ”¬| leo| â˜­,moisturizednerd,770266132473339904,BelÃ©n Chaparro,queen of a tragedy ğŸ‘‘,imbelencha,2022-10-16,2022-10-16 04:30:00,04:38:31
